{
    "2173.json": 56.44938278198242,
    "2174.json": 50.752620697021484,
    "2147.json": 48.24557876586914,
    "2283.json": 44.20979309082031,
    "2133.json": 43.14914321899414,
    "2175.json": 42.877052307128906,
    "9222.json": 42.684532165527344,
    "2282.json": 42.05381393432617,
    "2148.json": 41.95643615722656,
    "2142.json": 41.54209899902344,
    "2141.json": 41.33194351196289,
    "0213.json": 41.31843948364258,
    "0211.json": 41.235660552978516,
    "2233.json": 40.50062942504883,
    "2232.json": 39.80288314819336,
    "2144.json": 39.593788146972656,
    "2241.json": 39.08186340332031,
    "2143.json": 38.68214416503906,
    "2134.json": 38.41958236694336,
    "2251.json": 38.258323669433594,
    "2132.json": 37.803104400634766,
    "2231.json": 37.03403091430664,
    "2171.json": 36.58308410644531,
    "2281.json": 36.304325103759766,
    "9523.json": 35.67826843261719,
    "2242.json": 34.714012145996094,
    "2252.json": 34.60987854003906,
    "7247.json": 34.54635238647461,
    "9223.json": 34.236263275146484,
    "2131.json": 34.208187103271484,
    "9224.json": 34.014373779296875,
    "3212.json": 33.77529525756836,
    "2172.json": 33.48204803466797,
    "6221.json": 33.425315856933594,
    "2211.json": 33.335147857666016,
    "1254.json": 33.187347412109375,
    "2146.json": 33.01475524902344,
    "3211.json": 32.83259963989258,
    "2243.json": 32.692203521728516,
    "5223.json": 32.541526794433594,
    "0711.json": 32.371036529541016,
    "1311.json": 31.99458122253418,
    "1415.json": 31.938203811645508,
    "1253.json": 31.935171127319336,
    "2212.json": 31.854467391967773,
    "5241.json": 31.748193740844727,
    "1422.json": 31.489368438720703,
    "2145.json": 31.482282638549805,
    "7243.json": 31.252973556518555,
    "7251.json": 31.106678009033203,
    "2221.json": 31.037147521972656,
    "2255.json": 31.002384185791016,
    "3121.json": 30.801366806030273,
    "7335.json": 30.700468063354492,
    "2244.json": 30.67787742614746,
    "2114.json": 30.667631149291992,
    "2115.json": 30.566017150878906,
    "7241.json": 30.533138275146484,
    "5225.json": 30.52360725402832,
    "2151.json": 30.492795944213867,
    "7231.json": 30.391956329345703,
    "0712.json": 30.377662658691406,
    "9221.json": 30.253332138061523,
    "4012.json": 30.223264694213867,
    "5121.json": 29.86846351623535,
    "2112.json": 29.688053131103516,
    "7242.json": 29.650867462158203,
    "5224.json": 29.421974182128906,
    "5221.json": 29.274654388427734,
    "9527.json": 29.26194953918457,
    "2152.json": 29.2514705657959,
    "6314.json": 29.234886169433594,
    "5211.json": 29.085739135742188,
    "0131.json": 28.8990478515625,
    "7292.json": 28.73942756652832,
    "1243.json": 28.692001342773438,
    "7245.json": 28.642271041870117,
    "9235.json": 28.63911247253418,
    "8211.json": 28.566408157348633,
    "2223.json": 28.548511505126953,
    "5242.json": 28.546966552734375,
    "2253.json": 28.486257553100586,
    "7312.json": 28.48265266418457,
    "9525.json": 28.406370162963867,
    "9524.json": 28.3885440826416,
    "7202.json": 28.32962989807129,
    "0124.json": 28.2949161529541,
    "7234.json": 28.280332565307617,
    "5125.json": 28.240962982177734,
    "1423.json": 28.216690063476562,
    "7333.json": 28.049217224121094,
    "1214.json": 27.999298095703125,
    "4156.json": 27.864444732666016,
    "4151.json": 27.837419509887695,
    "4312.json": 27.774389266967773,
    "9474.json": 27.750038146972656,
    "6312.json": 27.72076416015625,
    "7313.json": 27.697311401367188,
    "4215.json": 27.683197021484375,
    "7295.json": 27.634540557861328,
    "7332.json": 27.57588768005371,
    "5222.json": 27.56178092956543,
    "3216.json": 27.5053653717041,
    "3141.json": 27.469690322875977,
    "7244.json": 27.433807373046875,
    "5226.json": 27.43315315246582,
    "0911.json": 27.429189682006836,
    "3011.json": 27.416547775268555,
    "5111.json": 27.41634178161621,
    "0212.json": 27.406688690185547,
    "9214.json": 27.403703689575195,
    "1241.json": 27.386625289916992,
    "1211.json": 27.345304489135742,
    "6311.json": 27.287681579589844,
    "7316.json": 27.28407096862793,
    "7318.json": 27.269351959228516,
    "9532.json": 27.254117965698242,
    "2254.json": 27.196626663208008,
    "9615.json": 27.193254470825195,
    "7272.json": 27.181360244750977,
    "9436.json": 27.179489135742188,
    "3213.json": 27.14992332458496,
    "2261.json": 27.148862838745117,
    "0601.json": 27.12770652770996,
    "1121.json": 27.043569564819336,
    "3233.json": 27.029706954956055,
    "6512.json": 27.016132354736328,
    "0125.json": 26.92418670654297,
    "1252.json": 26.775283813476562,
    "7361.json": 26.758562088012695,
    "5227.json": 26.715574264526367,
    "7373.json": 26.687705993652344,
    "0016.json": 26.674327850341797,
    "7203.json": 26.620595932006836,
    "6733.json": 26.562313079833984,
    "5113.json": 26.51337242126465,
    "7321.json": 26.49546241760254,
    "4152.json": 26.48540496826172,
    "9241.json": 26.479915618896484,
    "5243.json": 26.46546745300293,
    "2111.json": 26.46204376220703,
    "2161.json": 26.451143264770508,
    "1222.json": 26.446725845336914,
    "1213.json": 26.41911506652832,
    "6561.json": 26.398767471313477,
    "9215.json": 26.394737243652344,
    "2225.json": 26.371706008911133,
    "7232.json": 26.370718002319336,
    "5245.json": 26.352861404418945,
    "5131.json": 26.34874153137207,
    "2234.json": 26.31592559814453,
    "8422.json": 26.30207061767578,
    "0015.json": 26.293113708496094,
    "9227.json": 26.280780792236328,
    "1451.json": 26.273534774780273,
    "3143.json": 26.256906509399414,
    "7204.json": 26.247953414916992,
    "6315.json": 26.221717834472656,
    "0114.json": 26.217891693115234,
    "7303.json": 26.217138290405273,
    "2264.json": 26.197872161865234,
    "0132.json": 26.19270133972168,
    "3217.json": 26.192127227783203,
    "9413.json": 26.15852928161621,
    "7294.json": 26.148508071899414,
    "3237.json": 26.07072639465332,
    "7372.json": 26.067590713500977,
    "1452.json": 26.0632381439209,
    "8432.json": 26.053306579589844,
    "4166.json": 26.010807037353516,
    "1226.json": 25.996919631958008,
    "0714.json": 25.996736526489258,
    "6511.json": 25.96711540222168,
    "9226.json": 25.958688735961914,
    "5136.json": 25.909393310546875,
    "1221.json": 25.905292510986328,
    "3215.json": 25.813953399658203,
    "6345.json": 25.79153060913086,
    "7334.json": 25.784868240356445,
    "7304.json": 25.75067710876465,
    "3219.json": 25.716081619262695,
    "1223.json": 25.71096420288086,
    "1523.json": 25.7008056640625,
    "9522.json": 25.62085723876953,
    "0811.json": 25.598722457885742,
    "1522.json": 25.596389770507812,
    "9535.json": 25.589496612548828,
    "5132.json": 25.56145668029785,
    "9211.json": 25.527048110961914,
    "9437.json": 25.513708114624023,
    "6316.json": 25.480796813964844,
    "2154.json": 25.466890335083008,
    "9217.json": 25.373992919921875,
    "0112.json": 25.347095489501953,
    "8616.json": 25.3468017578125,
    "5212.json": 25.325855255126953,
    "1122.json": 25.310882568359375,
    "6341.json": 25.29294776916504,
    "7253.json": 25.283979415893555,
    "3223.json": 25.19411849975586,
    "8255.json": 25.180343627929688,
    "2113.json": 25.093482971191406,
    "6741.json": 25.086801528930664,
    "0631.json": 25.074655532836914,
    "7236.json": 25.056407928466797,
    "3411.json": 25.024137496948242,
    "4216.json": 24.97859001159668,
    "7246.json": 24.971416473388672,
    "9521.json": 24.964479446411133,
    "1454.json": 24.926687240600586,
    "7315.json": 24.91874885559082,
    "7235.json": 24.913108825683594,
    "8421.json": 24.883535385131836,
    "7271.json": 24.867969512939453,
    "0013.json": 24.840688705444336,
    "1224.json": 24.835678100585938,
    "7451.json": 24.826902389526367,
    "0113.json": 24.824573516845703,