{"2173.json": 46.14145278930664, "2283.json": 41.18489456176758, "2147.json": 40.4478645324707, "2174.json": 40.11186599731445, "2175.json": 39.97171401977539, "2141.json": 37.638885498046875, "2144.json": 37.19139862060547, "2251.json": 37.06053161621094, "9222.json": 36.610435485839844, "2282.json": 36.450260162353516, "2142.json": 36.253719329833984, "0211.json": 35.95360565185547, "2143.json": 35.91622543334961, "0213.json": 35.73093032836914, "2172.json": 35.72771072387695, "2148.json": 35.0938606262207, "2281.json": 34.62563705444336, "0712.json": 34.40986633300781, "2134.json": 34.246803283691406, "2171.json": 33.29254150390625, "2233.json": 33.041908264160156, "2133.json": 32.720069885253906, "0015.json": 32.09474182128906, "2151.json": 32.02206802368164, "6231.json": 31.95127296447754, "7247.json": 31.86836814880371, "9224.json": 31.600526809692383, "1311.json": 31.44353485107422, "1253.json": 31.353239059448242, "0711.json": 31.329147338867188, "1415.json": 31.236793518066406, "6314.json": 31.208566665649414, "2145.json": 31.191871643066406, "1226.json": 31.180809020996094, "3143.json": 31.0566463470459, "2232.json": 30.681249618530273, "0131.json": 30.459962844848633, "1254.json": 30.387939453125, "2132.json": 29.956995010375977, "6312.json": 29.915895462036133, "6511.json": 29.89946174621582, "4156.json": 29.82704734802246, "1313.json": 29.778095245361328, "9223.json": 29.77721405029297, "0132.json": 29.751529693603516, "2231.json": 29.711231231689453, "2146.json": 29.576717376708984, "2241.json": 29.435413360595703, "0125.json": 29.154563903808594, "7243.json": 29.08487892150879, "0112.json": 28.983837127685547, "2243.json": 28.949264526367188, "3212.json": 28.75937271118164, "7251.json": 28.758289337158203, "7241.json": 28.60759162902832, "8222.json": 28.487516403198242, "2152.json": 28.42124366760254, "1121.json": 28.38865089416504, "2252.json": 28.37717628479004, "0114.json": 28.302921295166016, "1122.json": 28.231752395629883, "7234.json": 28.172359466552734, "0016.json": 28.15079689025879, "1222.json": 28.069503784179688, "9235.json": 28.05183219909668, "2211.json": 28.042741775512695, "0124.json": 28.04000473022461, "7335.json": 28.003202438354492, "1243.json": 27.977916717529297, "9523.json": 27.97177505493164, "7245.json": 27.948772430419922, "0122.json": 27.88942527770996, "4012.json": 27.85628318786621, "1223.json": 27.819013595581055, "0013.json": 27.8038272857666, "7373.json": 27.80202865600586, "3011.json": 27.736164093017578, "1422.json": 27.6407470703125, "1214.json": 27.61019515991211, "2234.json": 27.55497932434082, "7203.json": 27.550331115722656, "2131.json": 27.513051986694336, "0601.json": 27.500919342041016, "2242.json": 27.39303970336914, "4312.json": 27.334949493408203, "4152.json": 27.3255558013916, "6551.json": 27.285446166992188, "7204.json": 27.223880767822266, "0111.json": 27.10807228088379, "2115.json": 27.069686889648438, "1224.json": 27.02472496032715, "7244.json": 26.993715286254883, "8232.json": 26.914854049682617, "6561.json": 26.840425491333008, "1432.json": 26.822019577026367, "3211.json": 26.79869270324707, "8211.json": 26.783138275146484, "1312.json": 26.7354793548584, "6221.json": 26.734621047973633, "7372.json": 26.628934860229492, "3233.json": 26.602336883544922, "7272.json": 26.51976776123047, "4033.json": 26.389362335205078, "7295.json": 26.344539642333984, "1252.json": 26.340322494506836, "7318.json": 26.335447311401367, "7202.json": 26.27748680114746, "1241.json": 26.259159088134766, "7304.json": 26.25730323791504, "3121.json": 26.169118881225586, "9221.json": 26.10394859313965, "1221.json": 26.071931838989258, "6315.json": 25.932222366333008, "1523.json": 25.900903701782227, "6513.json": 25.87738609313965, "5211.json": 25.816377639770508, "5242.json": 25.810483932495117, "7313.json": 25.77863121032715, "6311.json": 25.689603805541992, "8412.json": 25.68317985534668, "4166.json": 25.659879684448242, "0014.json": 25.626859664916992, "0212.json": 25.55815315246582, "0811.json": 25.541749954223633, "0631.json": 25.529020309448242, "2212.json": 25.510791778564453, "4155.json": 25.50469970703125, "7242.json": 25.497228622436523, "4212.json": 25.432344436645508, "5113.json": 25.41583824157715, "4167.json": 25.380285263061523, "0121.json": 25.338674545288086, "6741.json": 25.207015991210938, "7292.json": 25.200380325317383, "7252.json": 25.191082000732422, "3141.json": 25.18999481201172, "2154.json": 25.17645263671875, "2114.json": 25.15176773071289, "0411.json": 25.150110244750977, "7246.json": 25.145591735839844, "5125.json": 25.142908096313477, "7294.json": 25.137989044189453, "1213.json": 25.06548500061035, "5224.json": 25.037227630615234, "6733.json": 25.016523361206055, "2254.json": 24.998313903808594, "4151.json": 24.967138290405273, "1315.json": 24.960058212280273, "2112.json": 24.952539443969727, "4153.json": 24.93887710571289, "6235.json": 24.925355911254883, "3142.json": 24.882429122924805, "1211.json": 24.860055923461914, "5121.json": 24.833589553833008, "2122.json": 24.797048568725586, "8616.json": 24.78380584716797, "7451.json": 24.724437713623047, "0714.json": 24.614736557006836, "2244.json": 24.57483673095703, "9215.json": 24.566722869873047, "4412.json": 24.56354331970215, "6313.json": 24.538822174072266, "6321.json": 24.52554702758789, "8421.json": 24.51675796508789, "5222.json": 24.484031677246094, "8422.json": 24.421327590942383, "4165.json": 24.408727645874023, "9214.json": 24.371845245361328, "2123.json": 24.350454330444336, "3236.json": 24.31883430480957, "5226.json": 24.29413604736328, "0432.json": 24.287446975708008, "4214.json": 24.284406661987305, "3411.json": 24.26933479309082, "3124.json": 24.257572174072266, "9436.json": 24.256206512451172, "1111.json": 24.188831329345703, "6525.json": 24.186506271362305, "8432.json": 24.177001953125, "4161.json": 24.175329208374023, "1212.json": 24.169981002807617, "7334.json": 24.151042938232422, "9527.json": 24.123689651489258, "2161.json": 24.100582122802734, "7316.json": 23.97319221496582, "1123.json": 23.95296287536621, "4163.json": 23.933151245117188, "7312.json": 23.91398048400879, "7231.json": 23.90239143371582, "1314.json": 23.880905151367188, "0311.json": 23.874876022338867, "0911.json": 23.870067596435547, "2264.json": 23.820735931396484, "6316.json": 23.81324577331543, "8615.json": 23.769563674926758, "7361.json": 23.758132934570312, "5225.json": 23.74685287475586, "7253.json": 23.695837020874023, "6512.json": 23.687381744384766, "7332.json": 23.674888610839844, "2223.json": 23.656269073486328, "7293.json": 23.629348754882812, "5227.json": 23.612255096435547, "8241.json": 23.59174346923828, "9241.json": 23.587190628051758, "6232.json": 23.583988189697266, "6341.json": 23.571170806884766, "2255.json": 23.56461524963379, "0423.json": 23.54666519165039, "9532.json": 23.48963737487793, "9243.json": 23.475414276123047, "4421.json": 23.468687057495117, "5111.json": 23.467653274536133, "5131.json": 23.438234329223633, "1114.json": 23.395061492919922, "7333.json": 23.383407592773438, "6411.json": 23.373817443847656, "9615.json": 23.365520477294922, "5241.json": 23.35123062133789, "5245.json": 23.333791732788086, "3213.json": 23.312088012695312, "7321.json": 23.303997039794922, "1113.json": 23.29210662841797, "0414.json": 23.25657081604004, "8221.json": 23.25617218017578, "4216.json": 23.219253540039062, "1526.json": 23.21891975402832, "1522.json": 23.212583541870117, "1242.json": 23.21085548400879, "2253.json": 23.206022262573242, "2153.json": 23.09766387939453, "7282.json": 23.08632469177246, "2225.json": 23.075927734375, "7331.json": 23.049972534179688, "3122.json": 23.030752182006836, "0421.json": 22.998403549194336, "4413.json": 22.997264862060547, "3131.json": 22.99658203125, "7232.json": 22.960058212280273, "9525.json": 22.95648765563965, "9227.json": 22.953580856323242, "2261.json": 22.953001022338867, "9212.json": 22.949302673339844, "3112.json": 22.937747955322266, "7236.json": 22.918228149414062,