{
    "2172.json": 40.72765350341797,
    "2173.json": 38.46197509765625,
    "2144.json": 37.653465270996094,
    "2147.json": 37.612709045410156,
    "0213.json": 35.47983932495117,
    "2171.json": 34.93680953979492,
    "1254.json": 34.78801345825195,
    "2142.json": 34.18391418457031,
    "2143.json": 33.43004608154297,
    "2141.json": 33.178836822509766,
    "2148.json": 33.08488845825195,
    "2174.json": 32.58380889892578,
    "2283.json": 32.360084533691406,
    "2134.json": 32.20292663574219,
    "2251.json": 32.02025604248047,
    "0211.json": 31.77014923095703,
    "2233.json": 31.333772659301758,
    "2282.json": 31.2083683013916,
    "2175.json": 30.983558654785156,
    "2281.json": 30.94784164428711,
    "2114.json": 30.57779884338379,
    "2133.json": 30.380996704101562,
    "2115.json": 30.129077911376953,
    "2145.json": 29.7972412109375,
    "2232.json": 29.603778839111328,
    "1311.json": 29.278629302978516,
    "1422.json": 29.190998077392578,
    "1253.json": 29.140811920166016,
    "2231.json": 29.092023849487305,
    "1415.json": 28.821613311767578,
    "2132.json": 28.79530143737793,
    "2112.json": 28.746658325195312,
    "2146.json": 28.63083839416504,
    "9222.json": 28.41809844970703,
    "0131.json": 28.31589698791504,
    "2211.json": 28.29680633544922,
    "3211.json": 28.273853302001953,
    "2212.json": 28.251829147338867,
    "0015.json": 28.19652557373047,
    "5113.json": 28.034713745117188,
    "3212.json": 28.015445709228516,
    "2241.json": 27.99071502685547,
    "2111.json": 27.465984344482422,
    "4151.json": 27.232534408569336,
    "1243.json": 27.033206939697266,
    "2255.json": 26.95673942565918,
    "2161.json": 26.835193634033203,
    "7251.json": 26.37664794921875,
    "2221.json": 26.346145629882812,
    "1222.json": 26.337514877319336,
    "2151.json": 26.301633834838867,
    "0124.json": 26.2972469329834,
    "4012.json": 26.285261154174805,
    "1241.json": 26.260713577270508,
    "7243.json": 26.199525833129883,
    "2131.json": 26.144166946411133,
    "6314.json": 26.131175994873047,
    "0013.json": 26.12930679321289,
    "0125.json": 25.992006301879883,
    "0712.json": 25.821632385253906,
    "5221.json": 25.72964096069336,
    "5211.json": 25.658109664916992,
    "1226.json": 25.611486434936523,
    "0132.json": 25.59269142150879,
    "2254.json": 25.480283737182617,
    "9223.json": 25.419139862060547,
    "7372.json": 25.38458251953125,
    "0212.json": 25.36098861694336,
    "3121.json": 25.320003509521484,
    "1252.json": 25.29718780517578,
    "1214.json": 25.238258361816406,
    "0711.json": 25.22385597229004,
    "7373.json": 25.20413589477539,
    "5222.json": 25.175548553466797,
    "2154.json": 25.150314331054688,
    "6511.json": 25.146984100341797,
    "2243.json": 25.136394500732422,
    "3143.json": 25.126827239990234,
    "7247.json": 24.987218856811523,
    "9235.json": 24.9868221282959,
    "4312.json": 24.898963928222656,
    "8222.json": 24.89747428894043,
    "5121.json": 24.786333084106445,
    "1122.json": 24.75496482849121,
    "2252.json": 24.651445388793945,
    "7335.json": 24.64864730834961,
    "0114.json": 24.642356872558594,
    "5225.json": 24.49791145324707,
    "5111.json": 24.461624145507812,
    "4313.json": 24.45890235900879,
    "1223.json": 24.443086624145508,
    "3141.json": 24.395448684692383,
    "0811.json": 24.336957931518555,
    "8232.json": 24.30793571472168,
    "1221.json": 24.29547882080078,
    "6312.json": 24.197553634643555,
    "4217.json": 24.196969985961914,
    "2113.json": 24.183015823364258,
    "0433.json": 24.160491943359375,
    "7245.json": 24.129087448120117,
    "0601.json": 24.096332550048828,
    "2253.json": 24.07158851623535,
    "0112.json": 24.06912612915039,
    "4154.json": 24.060754776000977,
    "6315.json": 24.015426635742188,
    "7241.json": 24.002296447753906,
    "0016.json": 23.9671573638916,
    "6564.json": 23.959964752197266,
    "2152.json": 23.863096237182617,
    "3411.json": 23.847370147705078,
    "4169.json": 23.841522216796875,
    "8211.json": 23.782529830932617,
    "2224.json": 23.77863883972168,
    "8412.json": 23.74077606201172,
    "7451.json": 23.671253204345703,
    "4156.json": 23.619596481323242,
    "4421.json": 23.572359085083008,
    "5223.json": 23.296960830688477,
    "1121.json": 23.286273956298828,
    "6221.json": 23.267547607421875,
    "7234.json": 23.22214126586914,
    "2223.json": 23.1866397857666,
    "5122.json": 23.098752975463867,
    "2234.json": 23.087678909301758,
    "2122.json": 23.081708908081055,
    "0014.json": 23.076459884643555,
    "1454.json": 23.043895721435547,
    "9215.json": 23.043020248413086,
    "0311.json": 23.023115158081055,
    "2242.json": 23.014772415161133,
    "6311.json": 22.976795196533203,
    "1452.json": 22.932233810424805,
    "0111.json": 22.930267333984375,
    "1432.json": 22.919004440307617,
    "5132.json": 22.91010284423828,
    "0122.json": 22.853761672973633,
    "0511.json": 22.83363914489746,
    "5227.json": 22.829185485839844,
    "7304.json": 22.82420539855957,
    "8432.json": 22.817256927490234,
    "3112.json": 22.813392639160156,
    "5224.json": 22.801807403564453,
    "9224.json": 22.763843536376953,
    "7242.json": 22.754262924194336,
    "3233.json": 22.74955177307129,
    "1522.json": 22.739978790283203,
    "5241.json": 22.73303985595703,
    "1512.json": 22.73077392578125,
    "2121.json": 22.707902908325195,
    "1416.json": 22.672727584838867,
    "1435.json": 22.66630744934082,
    "1451.json": 22.605119705200195,
    "0411.json": 22.518888473510742,
    "4152.json": 22.512920379638672,
    "6551.json": 22.48409080505371,
    "8221.json": 22.457725524902344,
    "8422.json": 22.44879150390625,
    "8421.json": 22.433095932006836,
    "9221.json": 22.42949867248535,
    "6733.json": 22.428569793701172,
    "5226.json": 22.422344207763672,
    "4166.json": 22.40396499633789,
    "9211.json": 22.30953025817871,
    "0631.json": 22.308067321777344,
    "6512.json": 22.299068450927734,
    "1411.json": 22.263696670532227,
    "3113.json": 22.246143341064453,
    "8615.json": 22.20778465270996,
    "4161.json": 22.192230224609375,
    "3144.json": 22.168506622314453,
    "3011.json": 22.167306900024414,
    "8616.json": 22.161237716674805,
    "6513.json": 22.145259857177734,
    "1523.json": 22.071224212646484,
    "1521.json": 22.065448760986328,
    "5125.json": 22.021589279174805,
    "1211.json": 22.019838333129883,
    "0911.json": 22.003372192382812,
    "6321.json": 21.990388870239258,
    "1213.json": 21.963449478149414,
    "7295.json": 21.957508087158203,
    "3236.json": 21.93670082092285,
    "4162.json": 21.935333251953125,
    "4413.json": 21.918664932250977,
    "8614.json": 21.891021728515625,
    "7203.json": 21.889556884765625,
    "0432.json": 21.884719848632812,
    "7313.json": 21.87344741821289,
    "4163.json": 21.864547729492188,
    "6541.json": 21.858213424682617,
    "4422.json": 21.845415115356445,
    "3237.json": 21.84370994567871,
    "7282.json": 21.835241317749023,
    "4165.json": 21.761550903320312,
    "0714.json": 21.760290145874023,
    "5212.json": 21.72356414794922,
    "3223.json": 21.71421241760254,
    "1525.json": 21.69675636291504,
    "6322.json": 21.671411514282227,
    "2244.json": 21.67132568359375,
    "2261.json": 21.659194946289062,
    "4168.json": 21.653810501098633,
    "3216.json": 21.650388717651367,
    "2123.json": 21.630538940429688,
    "7312.json": 21.622055053710938,
    "7244.json": 21.61505699157715,
    "6316.json": 21.596590042114258,
    "0421.json": 21.595829010009766,
    "3122.json": 21.572378158569336,
    "0822.json": 21.561729431152344,
    "7202.json": 21.55825424194336,
    "7253.json": 21.54857063293457,
    "8241.json": 21.522293090820312,
    "5135.json": 21.507675170898438,
    "4033.json": 21.487619400024414,
    "1123.json": 21.48301124572754,
    "9523.json": 21.446212768554688,
    "3215.json": 21.44329261779785,