{
    "2173.json": 33.817134857177734,
    "2141.json": 32.76109313964844,
    "2142.json": 32.115806579589844,
    "2143.json": 31.77889633178711,
    "2148.json": 31.538394927978516,
    "2251.json": 30.843767166137695,
    "2144.json": 30.533336639404297,
    "2147.json": 30.015840530395508,
    "2233.json": 29.65599822998047,
    "9222.json": 29.583263397216797,
    "2174.json": 29.313718795776367,
    "2232.json": 29.219423294067383,
    "0211.json": 29.050859451293945,
    "2132.json": 28.606595993041992,
    "2134.json": 28.272520065307617,
    "1254.json": 28.151077270507812,
    "2151.json": 27.661151885986328,
    "2252.json": 27.619110107421875,
    "4012.json": 27.416501998901367,
    "0213.json": 27.08312225341797,
    "4156.json": 27.0515079498291,
    "2283.json": 27.051288604736328,
    "2171.json": 27.044923782348633,
    "1415.json": 26.814062118530273,
    "9224.json": 26.617624282836914,
    "2133.json": 26.536903381347656,
    "2231.json": 26.483213424682617,
    "3143.json": 26.388898849487305,
    "1311.json": 26.320051193237305,
    "0712.json": 26.26967430114746,
    "9223.json": 26.177242279052734,
    "2282.json": 26.130794525146484,
    "3121.json": 26.106136322021484,
    "2115.json": 26.077770233154297,
    "2175.json": 25.966306686401367,
    "1222.json": 25.695087432861328,
    "7234.json": 25.675392150878906,
    "0711.json": 25.5678768157959,
    "3212.json": 25.378536224365234,
    "2243.json": 25.356372833251953,
    "7335.json": 25.051851272583008,
    "2172.json": 25.012313842773438,
    "4151.json": 24.8223819732666,
    "4215.json": 24.788955688476562,
    "1226.json": 24.719120025634766,
    "1223.json": 24.71239471435547,
    "2146.json": 24.662574768066406,
    "6561.json": 24.657909393310547,
    "3211.json": 24.60191535949707,
    "6314.json": 24.543794631958008,
    "1121.json": 24.527978897094727,
    "1122.json": 24.504108428955078,
    "2241.json": 24.448593139648438,
    "0125.json": 24.406339645385742,
    "2131.json": 24.251914978027344,
    "3141.json": 24.22199821472168,
    "2145.json": 24.202743530273438,
    "5242.json": 24.113805770874023,
    "9221.json": 24.077144622802734,
    "7251.json": 24.012855529785156,
    "7231.json": 23.998722076416016,
    "4033.json": 23.927690505981445,
    "0015.json": 23.89501190185547,
    "4166.json": 23.78087043762207,
    "2211.json": 23.774293899536133,
    "2112.json": 23.745586395263672,
    "7243.json": 23.710058212280273,
    "0122.json": 23.511089324951172,
    "0112.json": 23.496707916259766,
    "0013.json": 23.429447174072266,
    "4155.json": 23.370037078857422,
    "4152.json": 23.36386489868164,
    "7316.json": 23.35051727294922,
    "1243.json": 23.31039047241211,
    "2234.json": 23.256214141845703,
    "7241.json": 23.24588966369629,
    "2114.json": 23.18447494506836,
    "1214.json": 23.14699363708496,
    "7242.json": 22.945837020874023,
    "2253.json": 22.939050674438477,
    "2212.json": 22.92060661315918,
    "2152.json": 22.91730499267578,
    "2221.json": 22.916677474975586,
    "6512.json": 22.912574768066406,
    "2281.json": 22.890295028686523,
    "7304.json": 22.888378143310547,
    "7204.json": 22.88546371459961,
    "9214.json": 22.8642578125,
    "9523.json": 22.81865119934082,
    "4413.json": 22.622093200683594,
    "9527.json": 22.615283966064453,
    "7236.json": 22.58271598815918,
    "1253.json": 22.564531326293945,
    "1241.json": 22.541027069091797,
    "5121.json": 22.526561737060547,
    "8211.json": 22.480207443237305,
    "6511.json": 22.464778900146484,
    "6341.json": 22.461668014526367,
    "7272.json": 22.394351959228516,
    "9227.json": 22.385374069213867,
    "7313.json": 22.38050079345703,
    "9235.json": 22.360593795776367,
    "5125.json": 22.29292869567871,
    "1315.json": 22.2713680267334,
    "1221.json": 22.253570556640625,
    "6551.json": 22.2535343170166,
    "0124.json": 22.237018585205078,
    "4167.json": 22.223793029785156,
    "4217.json": 22.22037124633789,
    "3142.json": 22.205610275268555,
    "7201.json": 22.195926666259766,
    "3237.json": 22.17063331604004,
    "2244.json": 22.156291961669922,
    "3233.json": 22.12748146057129,
    "2161.json": 22.121292114257812,
    "6312.json": 22.115079879760742,
    "3011.json": 22.10900115966797,
    "4312.json": 22.08109474182129,
    "3411.json": 22.044527053833008,
    "1432.json": 22.023361206054688,
    "0016.json": 21.990327835083008,
    "6221.json": 21.974159240722656,
    "7294.json": 21.953044891357422,
    "0014.json": 21.927288055419922,
    "0114.json": 21.913372039794922,
    "0111.json": 21.905664443969727,
    "2122.json": 21.887033462524414,
    "1112.json": 21.80876350402832,
    "6235.json": 21.772367477416992,
    "9615.json": 21.737972259521484,
    "1523.json": 21.612239837646484,
    "7361.json": 21.593080520629883,
    "1213.json": 21.584684371948242,
    "0212.json": 21.580514907836914,
    "0131.json": 21.579214096069336,
    "9473.json": 21.55272674560547,
    "4154.json": 21.526227951049805,
    "7235.json": 21.484390258789062,
    "5223.json": 21.482955932617188,
    "7373.json": 21.455787658691406,
    "4163.json": 21.44674301147461,
    "5241.json": 21.434049606323242,
    "7237.json": 21.429319381713867,
    "7203.json": 21.414308547973633,
    "6345.json": 21.38634490966797,
    "7271.json": 21.353612899780273,
    "1422.json": 21.35146713256836,
    "7247.json": 21.341821670532227,
    "7334.json": 21.334613800048828,
    "5222.json": 21.249290466308594,
    "1114.json": 21.24444580078125,
    "3144.json": 21.215770721435547,
    "0911.json": 21.178794860839844,
    "0811.json": 21.178329467773438,
    "7232.json": 21.166154861450195,
    "7312.json": 21.164222717285156,
    "1252.json": 21.13853645324707,
    "4021.json": 21.133846282958984,
    "7372.json": 21.114347457885742,
    "2242.json": 21.104196548461914,
    "7333.json": 21.099374771118164,
    "4422.json": 21.098417282104492,
    "4165.json": 21.0894775390625,
    "0601.json": 21.086896896362305,
    "7295.json": 21.065031051635742,
    "3219.json": 21.063278198242188,
    "3122.json": 21.061508178710938,
    "1111.json": 21.05463409423828,
    "8222.json": 21.029220581054688,
    "7318.json": 21.027910232543945,
    "9226.json": 21.01360321044922,
    "9215.json": 21.011804580688477,
    "5135.json": 20.990774154663086,
    "3132.json": 20.964353561401367,
    "5226.json": 20.960355758666992,
    "4161.json": 20.93474769592285,
    "3213.json": 20.907093048095703,
    "1242.json": 20.894407272338867,
    "9217.json": 20.885902404785156,
    "2111.json": 20.867961883544922,
    "8422.json": 20.865259170532227,
    "6321.json": 20.852737426757812,
    "7303.json": 20.848751068115234,
    "7321.json": 20.8469181060791,
    "3112.json": 20.83574676513672,
    "6733.json": 20.81882095336914,
    "9211.json": 20.818099975585938,
    "8432.json": 20.783599853515625,
    "1452.json": 20.6915340423584,
    "6311.json": 20.66034507751465,
    "3236.json": 20.62686538696289,
    "5221.json": 20.616905212402344,
    "4216.json": 20.60263442993164,
    "3125.json": 20.561031341552734,
    "1224.json": 20.51938819885254,
    "4153.json": 20.516693115234375,
    "7293.json": 20.510498046875,
    "1212.json": 20.480192184448242,
    "6564.json": 20.474445343017578,
    "4214.json": 20.457605361938477,
    "2123.json": 20.454992294311523,
    "9521.json": 20.442373275756836,
    "1522.json": 20.436790466308594,
    "6342.json": 20.43269920349121,
    "7451.json": 20.423067092895508,
    "5227.json": 20.398298263549805,
    "1211.json": 20.390439987182617,
    "1123.json": 20.390090942382812,
    "4162.json": 20.339797973632812,
    "5211.json": 20.295183181762695,
    "9525.json": 20.26678466796875,
    "7292.json": 20.25733757019043,
    "4212.json": 20.243738174438477,
    "6315.json": 20.226490020751953,
    "6343.json": 20.223859786987305,
    "3124.json": 20.20615577697754,
    "9417.json": 20.174217224121094,
    "6313.json": 20.151531219482422,