{
    "2174.json": 34.80275344848633,
    "2173.json": 34.34586715698242,
    "2283.json": 33.83882522583008,
    "2143.json": 32.20673751831055,
    "2141.json": 31.72919273376465,
    "2175.json": 30.754379272460938,
    "1415.json": 29.949474334716797,
    "2251.json": 29.87734603881836,
    "2142.json": 29.518768310546875,
    "0211.json": 29.459562301635742,
    "2144.json": 29.2292537689209,
    "0712.json": 29.01807975769043,
    "2282.json": 28.680736541748047,
    "9222.json": 28.422016143798828,
    "2147.json": 28.20968246459961,
    "2148.json": 28.056659698486328,
    "1311.json": 28.007789611816406,
    "2134.json": 27.87999153137207,
    "0711.json": 27.837251663208008,
    "9224.json": 27.718914031982422,
    "6314.json": 27.482391357421875,
    "0112.json": 27.080371856689453,
    "3143.json": 27.053125381469727,
    "2252.json": 26.949317932128906,
    "2151.json": 26.913719177246094,
    "2233.json": 26.767704010009766,
    "6312.json": 26.744293212890625,
    "1214.json": 26.437517166137695,
    "1222.json": 26.384153366088867,
    "4012.json": 26.38005828857422,
    "1243.json": 26.26274871826172,
    "1223.json": 26.244068145751953,
    "0213.json": 26.108718872070312,
    "1226.json": 26.104578018188477,
    "2281.json": 26.038494110107422,
    "1253.json": 26.032684326171875,
    "1254.json": 25.85218620300293,
    "9223.json": 25.85183334350586,
    "7251.json": 25.752866744995117,
    "1432.json": 25.740068435668945,
    "3212.json": 25.708892822265625,
    "1121.json": 25.608213424682617,
    "4156.json": 25.51401138305664,
    "6311.json": 25.385549545288086,
    "6511.json": 25.273609161376953,
    "4155.json": 25.095788955688477,
    "2133.json": 25.045124053955078,
    "2145.json": 25.003313064575195,
    "6315.json": 24.950101852416992,
    "2243.json": 24.91525650024414,
    "2232.json": 24.914485931396484,
    "2234.json": 24.847278594970703,
    "4214.json": 24.824356079101562,
    "1213.json": 24.782299041748047,
    "2132.json": 24.728580474853516,
    "1252.json": 24.561269760131836,
    "4152.json": 24.471399307250977,
    "1523.json": 24.435476303100586,
    "3011.json": 24.425918579101562,
    "7234.json": 24.37188720703125,
    "7304.json": 24.337156295776367,
    "7335.json": 24.30344009399414,
    "9235.json": 24.276710510253906,
    "5242.json": 24.229883193969727,
    "2231.json": 24.21755027770996,
    "3121.json": 24.182924270629883,
    "1211.json": 24.141254425048828,
    "7241.json": 23.94976806640625,
    "4167.json": 23.90361785888672,
    "7204.json": 23.845624923706055,
    "7203.json": 23.84480094909668,
    "7247.json": 23.80586051940918,
    "1241.json": 23.783267974853516,
    "3411.json": 23.7563419342041,
    "8211.json": 23.716840744018555,
    "7272.json": 23.638980865478516,
    "9221.json": 23.567609786987305,
    "2152.json": 23.555721282958984,
    "7243.json": 23.52773666381836,
    "3141.json": 23.46626091003418,
    "5222.json": 23.438199996948242,
    "4166.json": 23.329896926879883,
    "4151.json": 23.325292587280273,
    "7294.json": 23.281600952148438,
    "3122.json": 23.24806785583496,
    "2115.json": 23.246217727661133,
    "5125.json": 23.168743133544922,
    "7231.json": 23.142520904541016,
    "7373.json": 23.116626739501953,
    "1212.json": 23.03139877319336,
    "6316.json": 23.01149559020996,
    "2131.json": 22.998918533325195,
    "3233.json": 22.993619918823242,
    "0125.json": 22.97390365600586,
    "0114.json": 22.90293312072754,
    "2172.json": 22.88621711730957,
    "1422.json": 22.798694610595703,
    "5121.json": 22.740530014038086,
    "0015.json": 22.736013412475586,
    "4215.json": 22.719188690185547,
    "8222.json": 22.675519943237305,
    "4212.json": 22.675392150878906,
    "0132.json": 22.640012741088867,
    "6321.json": 22.63222885131836,
    "0811.json": 22.625795364379883,
    "5223.json": 22.53730583190918,
    "4413.json": 22.461593627929688,
    "3142.json": 22.443267822265625,
    "9436.json": 22.438236236572266,
    "7295.json": 22.432418823242188,
    "5241.json": 22.411766052246094,
    "1221.json": 22.41044807434082,
    "0212.json": 22.378734588623047,
    "6313.json": 22.375812530517578,
    "7282.json": 22.358999252319336,
    "5211.json": 22.353553771972656,
    "6512.json": 22.3528995513916,
    "5113.json": 22.330127716064453,
    "2211.json": 22.322973251342773,
    "2146.json": 22.31564712524414,
    "5131.json": 22.26032066345215,
    "4033.json": 22.247962951660156,
    "0631.json": 22.240482330322266,
    "4412.json": 22.224367141723633,
    "0124.json": 22.17705535888672,
    "1224.json": 22.167776107788086,
    "6733.json": 22.162633895874023,
    "5226.json": 22.11375617980957,
    "7313.json": 22.05880355834961,
    "5225.json": 21.962799072265625,
    "7372.json": 21.944629669189453,
    "2241.json": 21.942462921142578,
    "1452.json": 21.935354232788086,
    "4312.json": 21.916284561157227,
    "4165.json": 21.871828079223633,
    "0911.json": 21.842002868652344,
    "1416.json": 21.75763702392578,
    "0432.json": 21.74579429626465,
    "2171.json": 21.741310119628906,
    "7292.json": 21.722944259643555,
    "7236.json": 21.684303283691406,
    "6331.json": 21.661174774169922,
    "6341.json": 21.639402389526367,
    "5252.json": 21.569406509399414,
    "0601.json": 21.549161911010742,
    "4217.json": 21.542951583862305,
    "0111.json": 21.5357666015625,
    "2253.json": 21.499988555908203,
    "0016.json": 21.489145278930664,
    "3211.json": 21.48393440246582,
    "9215.json": 21.483484268188477,
    "0714.json": 21.48209571838379,
    "3132.json": 21.462305068969727,
    "5135.json": 21.44832420349121,
    "7318.json": 21.384483337402344,
    "0122.json": 21.383148193359375,
    "5227.json": 21.380245208740234,
    "6561.json": 21.33618927001953,
    "3124.json": 21.317787170410156,
    "0014.json": 21.262929916381836,
    "7232.json": 21.260478973388672,
    "7451.json": 21.254438400268555,
    "0413.json": 21.249046325683594,
    "1411.json": 21.244482040405273,
    "1526.json": 21.242074966430664,
    "1122.json": 21.210161209106445,
    "3213.json": 21.193744659423828,
    "4421.json": 21.19350814819336,
    "8255.json": 21.178617477416992,
    "2264.json": 21.08664894104004,
    "1524.json": 21.0513858795166,
    "2222.json": 21.044565200805664,
    "5221.json": 21.007659912109375,
    "8432.json": 20.977067947387695,
    "4422.json": 20.976970672607422,
    "3112.json": 20.97342872619629,
    "7201.json": 20.967317581176758,
    "9227.json": 20.95329475402832,
    "6731.json": 20.951934814453125,
    "0131.json": 20.93882179260254,
    "6231.json": 20.92890167236328,
    "4216.json": 20.910104751586914,
    "3236.json": 20.90675163269043,
    "1522.json": 20.888957977294922,
    "7233.json": 20.885408401489258,
    "4411.json": 20.87579917907715,
    "7235.json": 20.857017517089844,
    "9532.json": 20.854875564575195,
    "5245.json": 20.824459075927734,
    "9523.json": 20.819032669067383,
    "2242.json": 20.81736183166504,
    "6343.json": 20.813879013061523,
    "8421.json": 20.737329483032227,
    "7242.json": 20.703691482543945,
    "7361.json": 20.617536544799805,
    "0512.json": 20.56856918334961,
    "1512.json": 20.564476013183594,
    "9214.json": 20.534969329833984,
    "6551.json": 20.506832122802734,
    "7316.json": 20.502010345458984,
    "7334.json": 20.47780990600586,
    "8221.json": 20.47596549987793,
    "5122.json": 20.470869064331055,
    "8614.json": 20.432836532592773,
    "3144.json": 20.42747688293457,
    "1251.json": 20.42728614807129,
    "1454.json": 20.424280166625977,
    "8616.json": 20.414045333862305,
    "8232.json": 20.4023380279541,
    "6513.json": 20.371009826660156,
    "1111.json": 20.343168258666992,
    "2224.json": 20.318601608276367,
    "6235.json": 20.312786102294922,
    "0113.json": 20.311744689941406,
    "6525.json": 20.309738159179688,
    "6346.json": 20.303590774536133,
    "1451.json": 20.291515350341797,
    "2263.json": 20.28545570373535,