{
    "1415.json": 35.34316635131836,
    "2143.json": 35.21369171142578,
    "2144.json": 33.495025634765625,
    "3212.json": 33.39387512207031,
    "2141.json": 32.8337287902832,
    "1254.json": 32.326026916503906,
    "2142.json": 32.32190704345703,
    "2251.json": 32.24553298950195,
    "9222.json": 32.08859634399414,
    "2148.json": 32.03853988647461,
    "4012.json": 31.88504981994629,
    "0711.json": 31.49639320373535,
    "2134.json": 31.3861026763916,
    "4156.json": 31.268661499023438,
    "3143.json": 31.097549438476562,
    "2231.json": 31.05366325378418,
    "1222.json": 30.970596313476562,
    "2145.json": 30.96631622314453,
    "6314.json": 30.846351623535156,
    "1214.json": 30.838642120361328,
    "1223.json": 30.81878662109375,
    "0211.json": 30.787418365478516,
    "9223.json": 30.667905807495117,
    "1311.json": 30.61643409729004,
    "2243.json": 30.55427360534668,
    "1243.json": 30.506383895874023,
    "7251.json": 30.19687271118164,
    "2234.json": 30.181020736694336,
    "3211.json": 29.767587661743164,
    "1253.json": 29.76055145263672,
    "1252.json": 29.590682983398438,
    "0712.json": 29.55490493774414,
    "2151.json": 29.412622451782227,
    "1432.json": 29.118722915649414,
    "3233.json": 29.093673706054688,
    "1121.json": 29.061954498291016,
    "6311.json": 29.04517364501953,
    "3411.json": 28.945959091186523,
    "2233.json": 28.92535400390625,
    "7304.json": 28.786806106567383,
    "2131.json": 28.73548126220703,
    "1213.json": 28.703327178955078,
    "3121.json": 28.657981872558594,
    "6312.json": 28.604385375976562,
    "4155.json": 28.599979400634766,
    "8211.json": 28.558944702148438,
    "2263.json": 28.531831741333008,
    "3213.json": 28.452531814575195,
    "2232.json": 28.402721405029297,
    "9235.json": 28.395551681518555,
    "2283.json": 28.25703239440918,
    "6315.json": 28.232227325439453,
    "0112.json": 28.231639862060547,
    "7243.json": 28.22385597229004,
    "2211.json": 28.220365524291992,
    "2152.json": 28.148696899414062,
    "4312.json": 28.10751724243164,
    "3011.json": 28.094467163085938,
    "2221.json": 28.08331298828125,
    "4152.json": 28.067745208740234,
    "2224.json": 28.062681198120117,
    "8261.json": 28.04449462890625,
    "9221.json": 28.03831672668457,
    "2254.json": 28.03554344177246,
    "1241.json": 27.97862434387207,
    "2115.json": 27.971576690673828,
    "6511.json": 27.95210075378418,
    "2154.json": 27.913034439086914,
    "7335.json": 27.88508415222168,
    "2212.json": 27.857913970947266,
    "7241.json": 27.730754852294922,
    "5125.json": 27.72577667236328,
    "7451.json": 27.71617889404297,
    "7247.json": 27.70187759399414,
    "7373.json": 27.6861629486084,
    "2264.json": 27.682151794433594,
    "9243.json": 27.455778121948242,
    "1251.json": 27.439226150512695,
    "4422.json": 27.439224243164062,
    "0811.json": 27.343111038208008,
    "2114.json": 27.2861270904541,
    "5211.json": 27.255996704101562,
    "8422.json": 27.23934555053711,
    "7234.json": 27.187318801879883,
    "1211.json": 27.16341781616211,
    "2132.json": 27.06353187561035,
    "3141.json": 27.010967254638672,
    "2222.json": 26.869422912597656,
    "2133.json": 26.819759368896484,
    "7203.json": 26.743541717529297,
    "1422.json": 26.695533752441406,
    "3122.json": 26.61928939819336,
    "9224.json": 26.61232566833496,
    "8616.json": 26.507404327392578,
    "8432.json": 26.48941993713379,
    "6733.json": 26.455148696899414,
    "2122.json": 26.404876708984375,
    "4151.json": 26.39851951599121,
    "7204.json": 26.364486694335938,
    "1221.json": 26.299480438232422,
    "2261.json": 26.20115089416504,
    "8222.json": 26.172653198242188,
    "9215.json": 26.095834732055664,
    "4421.json": 26.083377838134766,
    "7313.json": 26.060665130615234,
    "2262.json": 25.934955596923828,
    "5222.json": 25.9268856048584,
    "8221.json": 25.870929718017578,
    "2223.json": 25.84388542175293,
    "7242.json": 25.748031616210938,
    "2173.json": 25.74701499938965,
    "8441.json": 25.73302459716797,
    "1224.json": 25.696470260620117,
    "4212.json": 25.618928909301758,
    "1226.json": 25.611860275268555,
    "1523.json": 25.60158348083496,
    "6316.json": 25.579193115234375,
    "4413.json": 25.50614356994629,
    "3216.json": 25.378520965576172,
    "4165.json": 25.369731903076172,
    "2113.json": 25.359106063842773,
    "0114.json": 25.356874465942383,
    "1454.json": 25.35527229309082,
    "4033.json": 25.34617805480957,
    "2112.json": 25.343976974487305,
    "4214.json": 25.324373245239258,
    "3142.json": 25.319028854370117,
    "9436.json": 25.302602767944336,
    "2123.json": 25.297157287597656,
    "3236.json": 25.266693115234375,
    "2241.json": 25.260128021240234,
    "1452.json": 25.255050659179688,
    "0132.json": 25.238365173339844,
    "5113.json": 25.173927307128906,
    "4215.json": 25.16396713256836,
    "1416.json": 25.128562927246094,
    "7294.json": 25.128311157226562,
    "3124.json": 25.127840042114258,
    "6313.json": 25.10653305053711,
    "7236.json": 25.1064395904541,
    "7372.json": 25.105989456176758,
    "8255.json": 25.054645538330078,
    "0125.json": 25.020023345947266,
    "2147.json": 24.990964889526367,
    "1212.json": 24.984548568725586,
    "7293.json": 24.956974029541016,
    "1242.json": 24.93706512451172,
    "0432.json": 24.9335994720459,
    "8614.json": 24.924795150756836,
    "4423.json": 24.905109405517578,
    "0823.json": 24.886638641357422,
    "6346.json": 24.80718421936035,
    "8421.json": 24.774507522583008,
    "0212.json": 24.7730655670166,
    "9618.json": 24.765323638916016,
    "6512.json": 24.74144744873047,
    "4166.json": 24.73925018310547,
    "2282.json": 24.739234924316406,
    "1512.json": 24.71187400817871,
    "0015.json": 24.66992950439453,
    "5111.json": 24.66132164001465,
    "3132.json": 24.657108306884766,
    "3112.json": 24.63165855407715,
    "5212.json": 24.621654510498047,
    "7621.json": 24.614280700683594,
    "4412.json": 24.598278045654297,
    "7312.json": 24.58026695251465,
    "1435.json": 24.544605255126953,
    "1451.json": 24.534351348876953,
    "4217.json": 24.508615493774414,
    "2172.json": 24.494382858276367,
    "6231.json": 24.484786987304688,
    "4161.json": 24.466598510742188,
    "7202.json": 24.443435668945312,
    "1122.json": 24.420543670654297,
    "2242.json": 24.420154571533203,
    "9212.json": 24.41266632080078,
    "7231.json": 24.410966873168945,
    "4216.json": 24.409976959228516,
    "8232.json": 24.40589141845703,
    "2252.json": 24.405080795288086,
    "7303.json": 24.388648986816406,
    "7253.json": 24.388235092163086,
    "4168.json": 24.377437591552734,
    "7442.json": 24.361024856567383,
    "7361.json": 24.35033416748047,
    "0411.json": 24.302087783813477,
    "4311.json": 24.28376007080078,
    "1525.json": 24.27992057800293,
    "2281.json": 24.267040252685547,
    "7318.json": 24.20430564880371,
    "7334.json": 24.198678970336914,
    "2274.json": 24.196184158325195,
    "3214.json": 24.183799743652344,
    "9214.json": 24.13180923461914,
    "3234.json": 24.114215850830078,
    "0131.json": 24.089200973510742,
    "6513.json": 24.065820693969727,
    "7272.json": 24.049774169921875,
    "0016.json": 24.041339874267578,
    "4154.json": 24.029443740844727,
    "3237.json": 24.00821304321289,
    "1411.json": 24.00566864013672,
    "2146.json": 23.98111343383789,
    "0414.json": 23.957555770874023,
    "0311.json": 23.946081161499023,
    "7444.json": 23.936552047729492,
    "0714.json": 23.926603317260742,
    "2225.json": 23.90280532836914,
    "6341.json": 23.898479461669922,
    "7244.json": 23.849760055541992,
    "3222.json": 23.845720291137695,
    "2161.json": 23.825193405151367,
    "9523.json": 23.819732666015625,
    "7532.json": 23.811681747436523,
    "7282.json": 23.77657127380371,
    "3113.json": 23.765220642089844,
    "7245.json": 23.76340675354004,