{
    "2283.json": 46.93449020385742,
    "2173.json": 43.8289680480957,
    "9222.json": 43.643516540527344,
    "2147.json": 40.32685089111328,
    "2141.json": 38.99531173706055,
    "0211.json": 38.57096481323242,
    "0213.json": 37.49113082885742,
    "2133.json": 36.95990753173828,
    "2142.json": 36.50311279296875,
    "2143.json": 35.73544692993164,
    "2174.json": 35.28925704956055,
    "2144.json": 35.26973342895508,
    "2281.json": 35.07535934448242,
    "2282.json": 34.63742446899414,
    "2148.json": 34.273841857910156,
    "2134.json": 34.02799987792969,
    "9523.json": 33.74321365356445,
    "2251.json": 33.162845611572266,
    "9224.json": 33.13750076293945,
    "2243.json": 32.89043045043945,
    "2233.json": 32.84840774536133,
    "2232.json": 32.84524154663086,
    "9223.json": 32.816925048828125,
    "2146.json": 32.767555236816406,
    "2171.json": 32.744911193847656,
    "7247.json": 32.561397552490234,
    "2132.json": 32.32209777832031,
    "0712.json": 32.28607177734375,
    "6314.json": 32.199249267578125,
    "7243.json": 31.909954071044922,
    "1415.json": 31.269128799438477,
    "2241.json": 31.16875648498535,
    "3143.json": 31.15924644470215,
    "7244.json": 31.076065063476562,
    "1226.json": 30.990581512451172,
    "2231.json": 30.965587615966797,
    "0112.json": 30.888866424560547,
    "3212.json": 30.73863410949707,
    "0711.json": 30.709745407104492,
    "6312.json": 30.61616325378418,
    "2242.json": 30.468137741088867,
    "1214.json": 30.449892044067383,
    "7335.json": 30.354215621948242,
    "7202.json": 30.236726760864258,
    "2175.json": 30.19269561767578,
    "7241.json": 30.085617065429688,
    "4012.json": 30.029491424560547,
    "1254.json": 29.999267578125,
    "1121.json": 29.97559356689453,
    "1253.json": 29.842348098754883,
    "3011.json": 29.773080825805664,
    "4167.json": 29.753093719482422,
    "7251.json": 29.73297882080078,
    "2145.json": 29.65070915222168,
    "1432.json": 29.619182586669922,
    "1243.json": 29.52730941772461,
    "0125.json": 29.343385696411133,
    "0114.json": 29.17612075805664,
    "6311.json": 29.030227661132812,
    "2131.json": 28.941909790039062,
    "0132.json": 28.90525245666504,
    "7318.json": 28.86960792541504,
    "9235.json": 28.85073471069336,
    "2151.json": 28.848783493041992,
    "2172.json": 28.794946670532227,
    "0131.json": 28.7619571685791,
    "9527.json": 28.696016311645508,
    "1252.json": 28.655941009521484,
    "1211.json": 28.64694595336914,
    "2261.json": 28.642322540283203,
    "7313.json": 28.535274505615234,
    "4156.json": 28.515562057495117,
    "9221.json": 28.448755264282227,
    "7204.json": 28.436655044555664,
    "1311.json": 28.309436798095703,
    "7203.json": 28.270069122314453,
    "7242.json": 28.221954345703125,
    "2244.json": 28.221948623657227,
    "4152.json": 28.151567459106445,
    "9241.json": 28.070735931396484,
    "0016.json": 28.033695220947266,
    "4155.json": 27.857837677001953,
    "6511.json": 27.773229598999023,
    "0015.json": 27.67144203186035,
    "7373.json": 27.549400329589844,
    "2252.json": 27.536605834960938,
    "0014.json": 27.514480590820312,
    "2234.json": 27.465951919555664,
    "1122.json": 27.457107543945312,
    "3233.json": 27.356016159057617,
    "1213.json": 27.352182388305664,
    "8211.json": 27.3388729095459,
    "3211.json": 27.266843795776367,
    "9525.json": 27.131622314453125,
    "4214.json": 27.120298385620117,
    "0411.json": 27.092931747436523,
    "4165.json": 27.03617286682129,
    "7304.json": 27.016212463378906,
    "7234.json": 27.01112937927246,
    "1221.json": 26.988811492919922,
    "4212.json": 26.984210968017578,
    "9243.json": 26.90077018737793,
    "4033.json": 26.878171920776367,
    "2211.json": 26.82039451599121,
    "7245.json": 26.77128028869629,
    "2152.json": 26.6971492767334,
    "6316.json": 26.571548461914062,
    "0714.json": 26.513607025146484,
    "0631.json": 26.418807983398438,
    "6315.json": 26.413915634155273,
    "8222.json": 26.331085205078125,
    "4412.json": 26.27177619934082,
    "7231.json": 26.25275993347168,
    "6231.json": 26.244304656982422,
    "9524.json": 26.227373123168945,
    "8232.json": 26.193553924560547,
    "3411.json": 26.18649673461914,
    "7246.json": 26.148168563842773,
    "7334.json": 26.101755142211914,
    "1241.json": 26.0981502532959,
    "5242.json": 26.046621322631836,
    "3142.json": 26.028522491455078,
    "0122.json": 25.94904136657715,
    "0212.json": 25.91566276550293,
    "9214.json": 25.885549545288086,
    "1223.json": 25.86528968811035,
    "8255.json": 25.861528396606445,
    "4166.json": 25.818994522094727,
    "1422.json": 25.779869079589844,
    "7252.json": 25.77033233642578,
    "3132.json": 25.766521453857422,
    "1222.json": 25.710857391357422,
    "7235.json": 25.70580291748047,
    "7372.json": 25.695682525634766,
    "7272.json": 25.68423080444336,
    "6733.json": 25.67173194885254,
    "7295.json": 25.6660099029541,
    "0013.json": 25.653793334960938,
    "6313.json": 25.642210006713867,
    "2263.json": 25.641563415527344,
    "1224.json": 25.587886810302734,
    "2222.json": 25.4194278717041,
    "3213.json": 25.41208267211914,
    "9615.json": 25.40753936767578,
    "2264.json": 25.383790969848633,
    "3124.json": 25.36954689025879,
    "7332.json": 25.367687225341797,
    "9215.json": 25.33761215209961,
    "7321.json": 25.2783145904541,
    "7312.json": 25.26495933532715,
    "0601.json": 25.225933074951172,
    "7333.json": 25.210100173950195,
    "1523.json": 25.05529022216797,
    "5224.json": 24.978023529052734,
    "0111.json": 24.962459564208984,
    "1212.json": 24.938386917114258,
    "3141.json": 24.879928588867188,
    "4151.json": 24.875732421875,
    "2115.json": 24.787649154663086,
    "0423.json": 24.733076095581055,
    "4413.json": 24.722291946411133,
    "7201.json": 24.712860107421875,
    "9532.json": 24.70672607421875,
    "4312.json": 24.704444885253906,
    "7253.json": 24.69772720336914,
    "0124.json": 24.628738403320312,
    "9226.json": 24.622900009155273,
    "6221.json": 24.619991302490234,
    "9227.json": 24.59503746032715,
    "3236.json": 24.541080474853516,
    "0413.json": 24.531173706054688,
    "2262.json": 24.522903442382812,
    "4153.json": 24.490503311157227,
    "0911.json": 24.458723068237305,
    "1526.json": 24.395551681518555,
    "7292.json": 24.39399528503418,
    "7305.json": 24.375368118286133,
    "7236.json": 24.278133392333984,
    "9521.json": 24.255290985107422,
    "0421.json": 24.25396728515625,
    "2254.json": 24.19975471496582,
    "4161.json": 24.19696044921875,
    "0311.json": 24.043407440185547,
    "3121.json": 23.953449249267578,
    "7331.json": 23.944190979003906,
    "4215.json": 23.870912551879883,
    "7361.json": 23.849843978881836,
    "9211.json": 23.8431339263916,
    "4422.json": 23.7278995513916,
    "7316.json": 23.721393585205078,
    "7442.json": 23.678546905517578,
    "9415.json": 23.643007278442383,
    "5113.json": 23.637834548950195,
    "6741.json": 23.599550247192383,
    "2212.json": 23.58374786376953,
    "7301.json": 23.57788848876953,
    "9212.json": 23.556503295898438,
    "8432.json": 23.549257278442383,
    "5125.json": 23.506107330322266,
    "3215.json": 23.486234664916992,
    "3214.json": 23.482810974121094,
    "6551.json": 23.477975845336914,
    "0912.json": 23.47538185119629,
    "9217.json": 23.42222785949707,
    "0811.json": 23.401874542236328,
    "7232.json": 23.33655548095703,
    "9522.json": 23.19620132446289,
    "4216.json": 23.187551498413086,
    "7315.json": 23.124235153198242,
    "3237.json": 23.095306396484375,
    "9436.json": 23.08519744873047,
    "2253.json": 23.078649520874023,
    "7293.json": 23.07672882080078,
    "7314.json": 23.046157836914062,
    "3217.json": 23.02808380126953,
    "8412.json": 22.97477149963379,
    "5226.json": 22.936357498168945,
    "7205.json": 22.898534774780273,