{
    "2173.json": 43.586185455322266,
    "2147.json": 40.77696990966797,
    "2141.json": 38.57423782348633,
    "2142.json": 37.30241394042969,
    "9222.json": 36.905967712402344,
    "2143.json": 36.65359115600586,
    "2148.json": 36.49082565307617,
    "2144.json": 36.439823150634766,
    "2133.json": 36.144447326660156,
    "0213.json": 36.037681579589844,
    "2283.json": 35.53840255737305,
    "2174.json": 35.37348937988281,
    "2134.json": 35.37118911743164,
    "0211.json": 34.83510208129883,
    "6314.json": 33.91419982910156,
    "1311.json": 33.753074645996094,
    "2132.json": 33.72627258300781,
    "2251.json": 33.68427276611328,
    "2281.json": 33.07504653930664,
    "2233.json": 32.84336853027344,
    "1432.json": 32.76948928833008,
    "2172.json": 32.713233947753906,
    "2282.json": 32.28934097290039,
    "2171.json": 32.14128875732422,
    "0712.json": 32.10329818725586,
    "2232.json": 32.07106018066406,
    "2131.json": 32.06059646606445,
    "1254.json": 31.79070281982422,
    "2231.json": 31.68671226501465,
    "0711.json": 31.621986389160156,
    "1415.json": 31.605146408081055,
    "2175.json": 31.409507751464844,
    "2145.json": 31.23133087158203,
    "7243.json": 31.003965377807617,
    "0112.json": 30.880239486694336,
    "9223.json": 30.837932586669922,
    "1214.json": 30.701841354370117,
    "7251.json": 30.560054779052734,
    "2146.json": 30.54743194580078,
    "7247.json": 30.279598236083984,
    "1121.json": 30.24950408935547,
    "0114.json": 30.218616485595703,
    "3011.json": 30.163253784179688,
    "0125.json": 29.892574310302734,
    "0132.json": 29.8459529876709,
    "9224.json": 29.621536254882812,
    "4156.json": 29.616058349609375,
    "2241.json": 29.504669189453125,
    "3212.json": 29.4107608795166,
    "1243.json": 29.308462142944336,
    "0015.json": 29.30028533935547,
    "2243.json": 29.107234954833984,
    "7234.json": 29.08150291442871,
    "1212.json": 29.056764602661133,
    "2234.json": 29.04644775390625,
    "2151.json": 28.977108001708984,
    "1222.json": 28.82216453552246,
    "0131.json": 28.769742965698242,
    "1223.json": 28.736217498779297,
    "0016.json": 28.669057846069336,
    "2115.json": 28.645092010498047,
    "6551.json": 28.61497688293457,
    "6311.json": 28.583967208862305,
    "1213.json": 28.57516098022461,
    "6312.json": 28.44405746459961,
    "0111.json": 28.382631301879883,
    "1211.json": 28.330005645751953,
    "1221.json": 28.313833236694336,
    "9235.json": 28.235504150390625,
    "3143.json": 28.226957321166992,
    "7241.json": 28.184246063232422,
    "0013.json": 28.158090591430664,
    "7203.json": 28.149669647216797,
    "1253.json": 28.115800857543945,
    "2242.json": 28.090049743652344,
    "4012.json": 28.07901382446289,
    "4212.json": 28.078144073486328,
    "1241.json": 28.029109954833984,
    "1226.json": 27.984081268310547,
    "0124.json": 27.942476272583008,
    "9523.json": 27.908002853393555,
    "7335.json": 27.881315231323242,
    "4152.json": 27.755908966064453,
    "2211.json": 27.745845794677734,
    "7202.json": 27.64411163330078,
    "0601.json": 27.643123626708984,
    "1422.json": 27.64278221130371,
    "4312.json": 27.6376953125,
    "2161.json": 27.63479232788086,
    "4165.json": 27.605743408203125,
    "0411.json": 27.495973587036133,
    "7244.json": 27.491344451904297,
    "1111.json": 27.40618133544922,
    "1523.json": 27.24814224243164,
    "2112.json": 27.09273910522461,
    "8211.json": 27.03809928894043,
    "6315.json": 26.979490280151367,
    "2263.json": 26.97907829284668,
    "1524.json": 26.782636642456055,
    "4151.json": 26.75839614868164,
    "8222.json": 26.753061294555664,
    "0122.json": 26.746511459350586,
    "4412.json": 26.742664337158203,
    "3121.json": 26.677406311035156,
    "9241.json": 26.662494659423828,
    "7451.json": 26.605518341064453,
    "6235.json": 26.581886291503906,
    "7204.json": 26.525890350341797,
    "6733.json": 26.500255584716797,
    "7236.json": 26.490169525146484,
    "4155.json": 26.486345291137695,
    "0714.json": 26.4171085357666,
    "3233.json": 26.411298751831055,
    "6511.json": 26.404766082763672,
    "3211.json": 26.368850708007812,
    "1252.json": 26.352052688598633,
    "0311.json": 26.319549560546875,
    "7304.json": 26.31276512145996,
    "6231.json": 26.309215545654297,
    "1122.json": 26.25486946105957,
    "0212.json": 26.23201560974121,
    "9527.json": 26.212411880493164,
    "9221.json": 26.200807571411133,
    "0014.json": 26.191150665283203,
    "2252.json": 26.151216506958008,
    "2212.json": 26.135047912597656,
    "5121.json": 26.121559143066406,
    "7373.json": 26.105316162109375,
    "4217.json": 26.09700584411621,
    "5113.json": 26.09699821472168,
    "1522.json": 26.088186264038086,
    "2114.json": 26.057464599609375,
    "7242.json": 26.041189193725586,
    "6316.json": 25.98975944519043,
    "0631.json": 25.974679946899414,
    "6221.json": 25.97090721130371,
    "7245.json": 25.951828002929688,
    "4421.json": 25.836544036865234,
    "0811.json": 25.832561492919922,
    "2152.json": 25.831600189208984,
    "8432.json": 25.78094482421875,
    "0432.json": 25.779783248901367,
    "4167.json": 25.75385093688965,
    "1224.json": 25.73915672302246,
    "3413.json": 25.664920806884766,
    "2264.json": 25.65914535522461,
    "2253.json": 25.621307373046875,
    "1431.json": 25.58285140991211,
    "9215.json": 25.467716217041016,
    "5211.json": 25.458049774169922,
    "1114.json": 25.425752639770508,
    "3142.json": 25.420774459838867,
    "0911.json": 25.40433692932129,
    "7313.json": 25.39344596862793,
    "2222.json": 25.36329460144043,
    "7316.json": 25.336483001708984,
    "7372.json": 25.33443832397461,
    "0423.json": 25.3118896484375,
    "4422.json": 25.269428253173828,
    "8255.json": 25.2592830657959,
    "7235.json": 25.177854537963867,
    "4214.json": 25.162147521972656,
    "1512.json": 25.157819747924805,
    "5125.json": 25.11681365966797,
    "1411.json": 25.10455894470215,
    "1452.json": 25.101776123046875,
    "9227.json": 25.02956199645996,
    "1242.json": 25.026409149169922,
    "7331.json": 25.005075454711914,
    "3411.json": 24.918291091918945,
    "9212.json": 24.905672073364258,
    "7233.json": 24.891834259033203,
    "1228.json": 24.8781681060791,
    "7361.json": 24.75967025756836,
    "5224.json": 24.75490951538086,
    "1435.json": 24.71559715270996,
    "2221.json": 24.707378387451172,
    "2111.json": 24.701292037963867,
    "4162.json": 24.6840877532959,
    "7253.json": 24.678112030029297,
    "0113.json": 24.67277717590332,
    "3141.json": 24.67131996154785,
    "9214.json": 24.652244567871094,
    "6313.json": 24.615400314331055,
    "7282.json": 24.572914123535156,
    "1215.json": 24.57050895690918,
    "7201.json": 24.541322708129883,
    "1451.json": 24.520214080810547,
    "1313.json": 24.5074520111084,
    "6512.json": 24.50411605834961,
    "0912.json": 24.476133346557617,
    "2255.json": 24.475934982299805,
    "9211.json": 24.458621978759766,
    "5122.json": 24.42365264892578,
    "8221.json": 24.38898277282715,
    "7272.json": 24.37177276611328,
    "1225.json": 24.35893440246582,
    "5226.json": 24.34339141845703,
    "4413.json": 24.325199127197266,
    "7231.json": 24.323156356811523,
    "1315.json": 24.30819320678711,
    "6731.json": 24.286174774169922,
    "3112.json": 24.242765426635742,
    "7252.json": 24.21841049194336,
    "3213.json": 24.215747833251953,
    "7294.json": 24.18800163269043,
    "1454.json": 24.187820434570312,
    "4154.json": 24.184415817260742,
    "4161.json": 24.17465591430664,
    "6211.json": 24.172252655029297,
    "7312.json": 24.1666316986084,
    "2262.json": 24.16099739074707,
    "2244.json": 24.14405632019043,
    "4166.json": 24.103315353393555,
    "7621.json": 24.085641860961914,
    "3122.json": 24.080284118652344,
    "4033.json": 24.076120376586914,
    "1416.json": 24.02812957763672,