{
    "2173.json": 40.56092834472656,
    "2172.json": 38.62251663208008,
    "2174.json": 37.649391174316406,
    "0213.json": 37.59199523925781,
    "0211.json": 35.119239807128906,
    "2147.json": 34.908721923828125,
    "2141.json": 34.700592041015625,
    "2171.json": 34.24839401245117,
    "1311.json": 34.15998840332031,
    "1415.json": 33.952781677246094,
    "2143.json": 33.47990798950195,
    "2283.json": 33.04487228393555,
    "2144.json": 32.989749908447266,
    "1254.json": 32.77466583251953,
    "0114.json": 32.41254425048828,
    "2251.json": 32.341976165771484,
    "0111.json": 32.20735549926758,
    "2148.json": 32.034912109375,
    "0122.json": 31.965755462646484,
    "2142.json": 31.895538330078125,
    "1253.json": 31.77163314819336,
    "6314.json": 31.558345794677734,
    "2282.json": 31.527828216552734,
    "0125.json": 31.36927032470703,
    "9222.json": 31.2595157623291,
    "1122.json": 31.177112579345703,
    "0712.json": 30.801311492919922,
    "0112.json": 30.77252197265625,
    "2134.json": 30.75869369506836,
    "1422.json": 30.637399673461914,
    "2233.json": 30.171337127685547,
    "2133.json": 30.076501846313477,
    "1252.json": 30.064163208007812,
    "2175.json": 30.01198387145996,
    "1121.json": 29.901512145996094,
    "1432.json": 29.876264572143555,
    "9224.json": 29.85243034362793,
    "2132.json": 29.796728134155273,
    "3143.json": 29.766260147094727,
    "1223.json": 29.612258911132812,
    "2151.json": 29.609081268310547,
    "0124.json": 29.519027709960938,
    "0601.json": 29.51531982421875,
    "6312.json": 29.446468353271484,
    "1243.json": 29.13918685913086,
    "4156.json": 28.872011184692383,
    "9223.json": 28.830625534057617,
    "0015.json": 28.82004165649414,
    "1222.json": 28.812604904174805,
    "2146.json": 28.794925689697266,
    "1241.json": 28.7728328704834,
    "1214.json": 28.708595275878906,
    "1213.json": 28.69183921813965,
    "1212.json": 28.653915405273438,
    "2281.json": 28.644243240356445,
    "2232.json": 28.55990982055664,
    "1114.json": 28.55433464050293,
    "1112.json": 28.533145904541016,
    "1211.json": 28.532363891601562,
    "0131.json": 28.46724510192871,
    "0711.json": 28.36785125732422,
    "2145.json": 28.362016677856445,
    "1224.json": 28.32835578918457,
    "4152.json": 28.28291130065918,
    "4155.json": 28.188255310058594,
    "2131.json": 28.181730270385742,
    "1221.json": 28.163545608520508,
    "3411.json": 28.13446044921875,
    "1226.json": 27.98638153076172,
    "0013.json": 27.94415283203125,
    "0121.json": 27.822328567504883,
    "6511.json": 27.805856704711914,
    "6551.json": 27.801591873168945,
    "3212.json": 27.7338809967041,
    "1111.json": 27.72464370727539,
    "6235.json": 27.632160186767578,
    "2231.json": 27.58866310119629,
    "2243.json": 27.44672966003418,
    "2161.json": 27.42497444152832,
    "0132.json": 27.355632781982422,
    "2252.json": 27.300119400024414,
    "0212.json": 27.27113151550293,
    "5211.json": 27.196752548217773,
    "3121.json": 27.049118041992188,
    "1434.json": 26.924211502075195,
    "0016.json": 26.902179718017578,
    "1411.json": 26.62430763244629,
    "6231.json": 26.57546043395996,
    "2234.json": 26.474821090698242,
    "1242.json": 26.468395233154297,
    "2152.json": 26.44706153869629,
    "3141.json": 26.42379379272461,
    "9235.json": 26.418899536132812,
    "7203.json": 26.39228057861328,
    "0411.json": 26.34498405456543,
    "6315.json": 26.33991813659668,
    "0631.json": 26.327861785888672,
    "1431.json": 26.306665420532227,
    "6311.json": 26.27977752685547,
    "0714.json": 26.235185623168945,
    "4012.json": 26.199234008789062,
    "4151.json": 26.19459342956543,
    "1113.json": 26.052139282226562,
    "7234.json": 25.99622917175293,
    "5113.json": 25.835731506347656,
    "1524.json": 25.74607276916504,
    "1452.json": 25.719133377075195,
    "0811.json": 25.70274543762207,
    "4163.json": 25.671100616455078,
    "3011.json": 25.658153533935547,
    "1315.json": 25.65639877319336,
    "2211.json": 25.647430419921875,
    "5111.json": 25.50519371032715,
    "7204.json": 25.396516799926758,
    "6525.json": 25.39183807373047,
    "1451.json": 25.391775131225586,
    "7304.json": 25.373659133911133,
    "0911.json": 25.366310119628906,
    "0014.json": 25.2811336517334,
    "9214.json": 25.181962966918945,
    "5242.json": 25.17298698425293,
    "0412.json": 25.13895034790039,
    "7251.json": 25.116802215576172,
    "6313.json": 25.05791664123535,
    "7313.json": 25.035371780395508,
    "2241.json": 24.995380401611328,
    "1313.json": 24.97728729248047,
    "1523.json": 24.944250106811523,
    "3233.json": 24.910017013549805,
    "2253.json": 24.909929275512695,
    "8211.json": 24.89287757873535,
    "7241.json": 24.886539459228516,
    "4165.json": 24.871191024780273,
    "4162.json": 24.869670867919922,
    "6561.json": 24.81068229675293,
    "6733.json": 24.80514144897461,
    "4212.json": 24.79654884338379,
    "7243.json": 24.762104034423828,
    "2114.json": 24.68824005126953,
    "6316.json": 24.663793563842773,
    "6512.json": 24.601839065551758,
    "3213.json": 24.594228744506836,
    "9221.json": 24.58511734008789,
    "7201.json": 24.518505096435547,
    "7335.json": 24.509654998779297,
    "2112.json": 24.508583068847656,
    "2244.json": 24.444110870361328,
    "6221.json": 24.440351486206055,
    "8222.json": 24.411216735839844,
    "2242.json": 24.395334243774414,
    "4211.json": 24.37502098083496,
    "1454.json": 24.355308532714844,
    "4215.json": 24.326107025146484,
    "0311.json": 24.29237937927246,
    "7231.json": 24.27640724182129,
    "0423.json": 24.264368057250977,
    "6211.json": 24.244346618652344,
    "7202.json": 24.239242553710938,
    "2154.json": 24.238222122192383,
    "6513.json": 24.189760208129883,
    "2264.json": 24.162324905395508,
    "1123.json": 24.124685287475586,
    "3236.json": 24.11520004272461,
    "1522.json": 24.096712112426758,
    "7247.json": 24.089540481567383,
    "9215.json": 24.084177017211914,
    "9527.json": 24.054035186767578,
    "9523.json": 24.046316146850586,
    "2254.json": 23.9678955078125,
    "3211.json": 23.96318817138672,
    "6741.json": 23.93077850341797,
    "7242.json": 23.895587921142578,
    "4167.json": 23.86934471130371,
    "9615.json": 23.85445785522461,
    "9211.json": 23.812591552734375,
    "2115.json": 23.70085334777832,
    "4161.json": 23.69632911682129,
    "2222.json": 23.64354705810547,
    "0413.json": 23.576454162597656,
    "2255.json": 23.55711555480957,
    "9217.json": 23.54437255859375,
    "7318.json": 23.52033805847168,
    "7303.json": 23.50653648376465,
    "2262.json": 23.496051788330078,
    "0113.json": 23.46411895751953,
    "6232.json": 23.45159149169922,
    "7451.json": 23.440120697021484,
    "4214.json": 23.42548942565918,
    "4312.json": 23.424774169921875,
    "9227.json": 23.39020347595215,
    "2122.json": 23.3865909576416,
    "1314.json": 23.37760353088379,
    "6731.json": 23.359535217285156,
    "1228.json": 23.347671508789062,
    "4166.json": 23.339221954345703,
    "1312.json": 23.331727981567383,
    "3237.json": 23.314855575561523,
    "4421.json": 23.310338973999023,
    "1416.json": 23.308300018310547,
    "6721.json": 23.304534912109375,
    "0632.json": 23.300941467285156,
    "2212.json": 23.214868545532227,
    "7272.json": 23.20136260986328,
    "4217.json": 23.188106536865234,
    "9436.json": 23.122657775878906,
    "2263.json": 23.11081886291504,
    "9241.json": 22.97643280029297,
    "3222.json": 22.95954704284668,
    "9212.json": 22.933435440063477,
    "1225.json": 22.91706085205078,
    "8255.json": 22.905811309814453,
    "1526.json": 22.88378143310547,
    "1435.json": 22.864892959594727,
    "6346.json": 22.857921600341797,
    "3142.json": 22.84558868408203,
    "4412.json": 22.833812713623047,
    "4164.json": 22.829710006713867,
    "5241.json": 22.750619888305664,