{
    "2173.json": 39.953617095947266,
    "2147.json": 33.29427719116211,
    "0213.json": 31.826841354370117,
    "0211.json": 30.7536563873291,
    "2283.json": 30.463533401489258,
    "2174.json": 29.940231323242188,
    "2133.json": 29.467260360717773,
    "2141.json": 29.23895835876465,
    "2144.json": 28.852479934692383,
    "2134.json": 28.766674041748047,
    "2148.json": 28.762123107910156,
    "2143.json": 28.44249725341797,
    "2282.json": 28.109107971191406,
    "2142.json": 27.8212833404541,
    "2146.json": 27.708053588867188,
    "2132.json": 27.160999298095703,
    "2175.json": 27.08501434326172,
    "2172.json": 26.74441146850586,
    "9222.json": 26.529216766357422,
    "2171.json": 26.134300231933594,
    "2232.json": 26.033830642700195,
    "2281.json": 25.325481414794922,
    "0015.json": 24.865922927856445,
    "2233.json": 24.719749450683594,
    "2251.json": 24.403127670288086,
    "2145.json": 24.141496658325195,
    "2241.json": 24.130064010620117,
    "2131.json": 23.414281845092773,
    "0013.json": 23.392183303833008,
    "0125.json": 22.94792366027832,
    "1254.json": 22.798656463623047,
    "2231.json": 22.68571662902832,
    "0114.json": 22.672149658203125,
    "9224.json": 22.650848388671875,
    "0016.json": 22.44404411315918,
    "0124.json": 22.27068328857422,
    "0601.json": 22.139148712158203,
    "0712.json": 22.05617904663086,
    "0131.json": 22.027997970581055,
    "7247.json": 21.875139236450195,
    "2211.json": 21.855409622192383,
    "0014.json": 21.829105377197266,
    "9523.json": 21.762985229492188,
    "6312.json": 21.60101890563965,
    "9223.json": 21.568788528442383,
    "2244.json": 21.56431770324707,
    "0122.json": 21.189878463745117,
    "2242.json": 21.171405792236328,
    "0212.json": 21.144412994384766,
    "9235.json": 21.062707901000977,
    "2243.json": 20.999441146850586,
    "2151.json": 20.960451126098633,
    "2114.json": 20.81212043762207,
    "7243.json": 20.806711196899414,
    "0112.json": 20.696693420410156,
    "1253.json": 20.696643829345703,
    "0132.json": 20.572826385498047,
    "0711.json": 20.555505752563477,
    "2252.json": 20.445804595947266,
    "0111.json": 20.445363998413086,
    "2212.json": 20.379108428955078,
    "2112.json": 20.36077880859375,
    "7335.json": 20.32666015625,
    "1311.json": 20.313207626342773,
    "6221.json": 20.296545028686523,
    "3212.json": 20.28866958618164,
    "9241.json": 20.27763557434082,
    "1122.json": 20.22279167175293,
    "1226.json": 20.09927749633789,
    "6511.json": 20.040307998657227,
    "0714.json": 19.937911987304688,
    "6314.json": 19.930927276611328,
    "9221.json": 19.91926383972168,
    "5225.json": 19.897016525268555,
    "4151.json": 19.794113159179688,
    "1422.json": 19.775691986083984,
    "4012.json": 19.758468627929688,
    "1415.json": 19.73360252380371,
    "3211.json": 19.726696014404297,
    "1243.json": 19.669815063476562,
    "0911.json": 19.629568099975586,
    "9527.json": 19.46335792541504,
    "7313.json": 19.43343162536621,
    "2255.json": 19.417133331298828,
    "1214.json": 19.387958526611328,
    "7234.json": 19.350723266601562,
    "1241.json": 19.346437454223633,
    "4152.json": 19.32317352294922,
    "5226.json": 19.284984588623047,
    "2115.json": 19.233728408813477,
    "0631.json": 19.192594528198242,
    "1222.json": 19.18406867980957,
    "7203.json": 19.16072654724121,
    "0413.json": 19.123897552490234,
    "5224.json": 19.11460304260254,
    "3011.json": 19.043855667114258,
    "4214.json": 19.014734268188477,
    "7372.json": 19.012056350708008,
    "7202.json": 18.964208602905273,
    "1221.json": 18.879011154174805,
    "8222.json": 18.843631744384766,
    "2221.json": 18.743698120117188,
    "0811.json": 18.71385383605957,
    "7241.json": 18.67475700378418,
    "7251.json": 18.660810470581055,
    "8211.json": 18.645307540893555,
    "2111.json": 18.644208908081055,
    "3141.json": 18.600744247436523,
    "5211.json": 18.551294326782227,
    "0421.json": 18.52142333984375,
    "4156.json": 18.463584899902344,
    "7244.json": 18.45215606689453,
    "9215.json": 18.448205947875977,
    "5222.json": 18.427045822143555,
    "7333.json": 18.422582626342773,
    "7242.json": 18.412202835083008,
    "1432.json": 18.362781524658203,
    "8232.json": 18.35986328125,
    "2274.json": 18.355159759521484,
    "4166.json": 18.30451202392578,
    "4033.json": 18.302825927734375,
    "7361.json": 18.277128219604492,
    "5242.json": 18.25813102722168,
    "7321.json": 18.232433319091797,
    "7315.json": 18.223983764648438,
    "9525.json": 18.208030700683594,
    "6311.json": 18.16570281982422,
    "1223.json": 18.14978790283203,
    "0411.json": 18.147567749023438,
    "2152.json": 18.139808654785156,
    "4163.json": 18.13741683959961,
    "4167.json": 18.12413215637207,
    "7312.json": 18.12411880493164,
    "7332.json": 18.122350692749023,
    "6315.json": 18.11623191833496,
    "1111.json": 18.079301834106445,
    "9227.json": 18.067398071289062,
    "4413.json": 18.062122344970703,
    "4312.json": 18.05213165283203,
    "1121.json": 18.0351505279541,
    "4161.json": 18.008716583251953,
    "7231.json": 18.0043888092041,
    "3121.json": 17.993446350097656,
    "7204.json": 17.991455078125,
    "9212.json": 17.98782730102539,
    "3143.json": 17.986520767211914,
    "8412.json": 17.97694969177246,
    "7318.json": 17.969892501831055,
    "7232.json": 17.969707489013672,
    "7373.json": 17.968807220458984,
    "0423.json": 17.964149475097656,
    "7316.json": 17.95537757873535,
    "2254.json": 17.917844772338867,
    "9214.json": 17.907318115234375,
    "1123.json": 17.888927459716797,
    "1211.json": 17.839920043945312,
    "6321.json": 17.828697204589844,
    "7334.json": 17.822904586791992,
    "1523.json": 17.785175323486328,
    "9524.json": 17.783964157104492,
    "9211.json": 17.7664794921875,
    "0113.json": 17.75276756286621,
    "0311.json": 17.713951110839844,
    "5121.json": 17.694168090820312,
    "6561.json": 17.691688537597656,
    "7272.json": 17.67821502685547,
    "8241.json": 17.65919303894043,
    "5241.json": 17.631628036499023,
    "0121.json": 17.615270614624023,
    "6733.json": 17.606489181518555,
    "9243.json": 17.605140686035156,
    "0512.json": 17.57892608642578,
    "7201.json": 17.5773868560791,
    "7331.json": 17.573942184448242,
    "1252.json": 17.564611434936523,
    "5223.json": 17.55855941772461,
    "0412.json": 17.55375099182129,
    "7246.json": 17.549762725830078,
    "4155.json": 17.488094329833984,
    "0422.json": 17.483766555786133,
    "0912.json": 17.474517822265625,
    "6512.json": 17.42540740966797,
    "5131.json": 17.40171241760254,
    "6345.json": 17.3865966796875,
    "7252.json": 17.355417251586914,
    "4212.json": 17.34907341003418,
    "4165.json": 17.34866714477539,
    "1213.json": 17.3447322845459,
    "7245.json": 17.329532623291016,
    "3213.json": 17.30923080444336,
    "3237.json": 17.28447151184082,
    "5113.json": 17.279664993286133,
    "5227.json": 17.268444061279297,
    "7292.json": 17.261518478393555,
    "9217.json": 17.254947662353516,
    "1224.json": 17.244462966918945,
    "9226.json": 17.226346969604492,
    "4412.json": 17.17363929748535,
    "7301.json": 17.143014907836914,
    "6513.json": 17.108549118041992,
    "7304.json": 17.082300186157227,
    "5122.json": 17.004945755004883,
    "0822.json": 16.968679428100586,
    "9615.json": 16.95887565612793,
    "1526.json": 16.943374633789062,
    "1212.json": 16.942562103271484,
    "2253.json": 16.930583953857422,
    "6551.json": 16.913095474243164,
    "7535.json": 16.90488624572754,
    "9521.json": 16.90037727355957,
    "0731.json": 16.80720329284668,
    "1112.json": 16.786666870117188,
    "6211.json": 16.781211853027344,
    "4217.json": 16.779294967651367,
    "1522.json": 16.773162841796875,
    "2223.json": 16.716949462890625,
    "8432.json": 16.705913543701172,
    "7253.json": 16.702714920043945,