{
    "6314.json": 31.73663902282715,
    "2282.json": 30.99705696105957,
    "0015.json": 30.22795867919922,
    "0211.json": 29.711103439331055,
    "7247.json": 28.306011199951172,
    "9222.json": 27.78399085998535,
    "2173.json": 27.74230194091797,
    "6511.json": 27.733121871948242,
    "0013.json": 27.67853355407715,
    "6551.json": 27.663997650146484,
    "0131.json": 27.65869140625,
    "1214.json": 27.41944694519043,
    "2147.json": 27.19061851501465,
    "9224.json": 27.111339569091797,
    "6312.json": 27.085996627807617,
    "2141.json": 26.676420211791992,
    "1415.json": 26.543970108032227,
    "0132.json": 26.371999740600586,
    "0125.json": 26.313236236572266,
    "2144.json": 26.2076473236084,
    "7202.json": 26.19727325439453,
    "1311.json": 26.15485954284668,
    "0712.json": 26.134103775024414,
    "0213.json": 26.115928649902344,
    "9223.json": 26.05109977722168,
    "2171.json": 25.939851760864258,
    "1243.json": 25.871036529541016,
    "7245.json": 25.770503997802734,
    "2143.json": 25.711421966552734,
    "2175.json": 25.708436965942383,
    "4156.json": 25.324827194213867,
    "7243.json": 25.26277732849121,
    "2281.json": 25.21533966064453,
    "1211.json": 25.161211013793945,
    "0016.json": 25.088008880615234,
    "6552.json": 24.937198638916016,
    "1253.json": 24.87139892578125,
    "2283.json": 24.759986877441406,
    "0122.json": 24.660818099975586,
    "1254.json": 24.64204216003418,
    "0601.json": 24.63770294189453,
    "4033.json": 24.4295597076416,
    "0112.json": 24.42290496826172,
    "6315.json": 24.33184051513672,
    "1226.json": 24.27365493774414,
    "0114.json": 24.1968936920166,
    "6311.json": 24.12126922607422,
    "7204.json": 24.051467895507812,
    "1213.json": 23.996051788330078,
    "2251.json": 23.949325561523438,
    "2242.json": 23.866674423217773,
    "3011.json": 23.817941665649414,
    "2142.json": 23.806041717529297,
    "2148.json": 23.73906707763672,
    "1223.json": 23.71455192565918,
    "1241.json": 23.685922622680664,
    "6313.json": 23.621286392211914,
    "8222.json": 23.60057830810547,
    "2233.json": 23.574302673339844,
    "2174.json": 23.483572006225586,
    "1212.json": 23.424049377441406,
    "2133.json": 23.28020668029785,
    "2243.json": 23.2550106048584,
    "7244.json": 23.239418029785156,
    "2146.json": 23.236711502075195,
    "0124.json": 23.091672897338867,
    "6221.json": 23.064579010009766,
    "0711.json": 23.060060501098633,
    "6211.json": 23.052377700805664,
    "2134.json": 23.026134490966797,
    "7335.json": 22.999048233032227,
    "0631.json": 22.996103286743164,
    "2145.json": 22.950496673583984,
    "1432.json": 22.909940719604492,
    "0111.json": 22.90739631652832,
    "7203.json": 22.905309677124023,
    "2241.json": 22.901411056518555,
    "5211.json": 22.89350700378418,
    "2232.json": 22.89324378967285,
    "3143.json": 22.875930786132812,
    "6513.json": 22.85612678527832,
    "1122.json": 22.78896141052246,
    "1221.json": 22.736831665039062,
    "6561.json": 22.71866226196289,
    "1121.json": 22.71807098388672,
    "3212.json": 22.717445373535156,
    "7304.json": 22.70731544494629,
    "0014.json": 22.646345138549805,
    "7246.json": 22.642681121826172,
    "6316.json": 22.593366622924805,
    "4152.json": 22.575395584106445,
    "0411.json": 22.57518196105957,
    "9215.json": 22.528017044067383,
    "4153.json": 22.51554298400879,
    "7241.json": 22.444765090942383,
    "6522.json": 22.389951705932617,
    "2172.json": 22.37858009338379,
    "4167.json": 22.314529418945312,
    "8211.json": 22.274309158325195,
    "7332.json": 22.240150451660156,
    "1252.json": 22.22593879699707,
    "4214.json": 22.223033905029297,
    "4155.json": 21.994247436523438,
    "9221.json": 21.974853515625,
    "3121.json": 21.942598342895508,
    "2231.json": 21.925657272338867,
    "2151.json": 21.915660858154297,
    "1513.json": 21.908267974853516,
    "1414.json": 21.896533966064453,
    "4212.json": 21.8880672454834,
    "9217.json": 21.88047218322754,
    "1523.json": 21.814109802246094,
    "9235.json": 21.77566909790039,
    "7242.json": 21.775135040283203,
    "4412.json": 21.756309509277344,
    "7251.json": 21.67232894897461,
    "6721.json": 21.630157470703125,
    "7303.json": 21.589506149291992,
    "7373.json": 21.534515380859375,
    "1222.json": 21.528779983520508,
    "4012.json": 21.46637725830078,
    "2244.json": 21.44544792175293,
    "6525.json": 21.438152313232422,
    "6235.json": 21.43730354309082,
    "0714.json": 21.42738914489746,
    "1435.json": 21.35795021057129,
    "9211.json": 21.34316062927246,
    "4166.json": 21.3306941986084,
    "9214.json": 21.292604446411133,
    "1315.json": 21.24793815612793,
    "3411.json": 21.21916389465332,
    "1524.json": 21.009723663330078,
    "2132.json": 20.974075317382812,
    "6741.json": 20.941335678100586,
    "2234.json": 20.835237503051758,
    "6521.json": 20.683467864990234,
    "9227.json": 20.675703048706055,
    "3141.json": 20.659210205078125,
    "7313.json": 20.642213821411133,
    "1512.json": 20.634933471679688,
    "2252.json": 20.632116317749023,
    "0412.json": 20.631908416748047,
    "6345.json": 20.614974975585938,
    "8232.json": 20.581647872924805,
    "7234.json": 20.562631607055664,
    "6733.json": 20.540189743041992,
    "4312.json": 20.539249420166016,
    "5242.json": 20.454219818115234,
    "0423.json": 20.431509017944336,
    "1224.json": 20.407255172729492,
    "2211.json": 20.40544891357422,
    "1526.json": 20.378847122192383,
    "6512.json": 20.374555587768555,
    "4215.json": 20.365510940551758,
    "3233.json": 20.348596572875977,
    "0413.json": 20.335039138793945,
    "9212.json": 20.312807083129883,
    "1422.json": 20.311756134033203,
    "1215.json": 20.264745712280273,
    "0212.json": 20.24747085571289,
    "5111.json": 20.228641510009766,
    "5113.json": 20.197031021118164,
    "7451.json": 20.18876075744629,
    "1123.json": 20.14102554321289,
    "1411.json": 20.066261291503906,
    "2114.json": 20.058391571044922,
    "4413.json": 20.055360794067383,
    "8412.json": 19.983182907104492,
    "5226.json": 19.97222137451172,
    "7333.json": 19.961400985717773,
    "6523.json": 19.94124984741211,
    "7305.json": 19.922155380249023,
    "2152.json": 19.913482666015625,
    "9226.json": 19.877466201782227,
    "3213.json": 19.84827423095703,
    "0432.json": 19.807992935180664,
    "5224.json": 19.806015014648438,
    "1451.json": 19.762901306152344,
    "7318.json": 19.75431251525879,
    "4165.json": 19.746788024902344,
    "7272.json": 19.724075317382812,
    "3142.json": 19.702713012695312,
    "7532.json": 19.695232391357422,
    "7314.json": 19.67933464050293,
    "8255.json": 19.67669105529785,
    "9523.json": 19.667282104492188,
    "0811.json": 19.66518783569336,
    "2275.json": 19.655473709106445,
    "4422.json": 19.64352798461914,
    "1511.json": 19.63558578491211,
    "1522.json": 19.62716293334961,
    "6341.json": 19.62047004699707,
    "7334.json": 19.610929489135742,
    "3211.json": 19.60634422302246,
    "9527.json": 19.59342384338379,
    "7201.json": 19.586374282836914,
    "6346.json": 19.506473541259766,
    "4411.json": 19.505096435546875,
    "0311.json": 19.49140167236328,
    "9241.json": 19.473533630371094,
    "6343.json": 19.41179847717285,
    "7253.json": 19.41038703918457,
    "7301.json": 19.38636016845703,
    "2122.json": 19.375490188598633,
    "8221.json": 19.37143898010254,
    "9436.json": 19.358978271484375,
    "9243.json": 19.326446533203125,
    "0822.json": 19.3125,
    "3112.json": 19.300527572631836,
    "6524.json": 19.282560348510742,
    "5122.json": 19.262975692749023,
    "6411.json": 19.25929832458496,
    "2212.json": 19.258878707885742,
    "1114.json": 19.217451095581055,
    "8432.json": 19.202943801879883,
    "3124.json": 19.168663024902344,
    "4217.json": 19.155471801757812,
    "2253.json": 19.136863708496094,