{
    "2171.json": 45.68601608276367,
    "2283.json": 40.58971405029297,
    "2251.json": 39.98310470581055,
    "3143.json": 37.28944396972656,
    "2172.json": 36.90641403198242,
    "0213.json": 36.582969665527344,
    "2173.json": 35.746368408203125,
    "2151.json": 35.74308395385742,
    "1254.json": 35.40388107299805,
    "2282.json": 35.20128631591797,
    "1415.json": 35.10226058959961,
    "1122.json": 35.08793258666992,
    "1252.json": 34.75397872924805,
    "2144.json": 34.59199142456055,
    "1253.json": 34.11439514160156,
    "0211.json": 33.85994338989258,
    "2147.json": 33.770912170410156,
    "3233.json": 33.619449615478516,
    "3011.json": 33.51845932006836,
    "4155.json": 33.25505065917969,
    "3124.json": 33.0849494934082,
    "1243.json": 33.024383544921875,
    "2141.json": 32.98680877685547,
    "4165.json": 32.86223602294922,
    "0114.json": 32.675048828125,
    "2152.json": 32.45958709716797,
    "9222.json": 32.176761627197266,
    "0711.json": 31.63709831237793,
    "3142.json": 31.397064208984375,
    "9235.json": 31.092302322387695,
    "6314.json": 30.762680053710938,
    "2233.json": 30.729873657226562,
    "4152.json": 30.72032928466797,
    "3212.json": 30.538576126098633,
    "3211.json": 30.387327194213867,
    "2234.json": 30.301361083984375,
    "2143.json": 30.08574104309082,
    "2142.json": 30.08264923095703,
    "3125.json": 30.05413818359375,
    "4214.json": 30.052894592285156,
    "0411.json": 29.94783592224121,
    "2243.json": 29.785858154296875,
    "0125.json": 29.646156311035156,
    "2232.json": 29.54543113708496,
    "1221.json": 29.442760467529297,
    "1432.json": 29.394790649414062,
    "2231.json": 29.332599639892578,
    "1226.json": 29.318378448486328,
    "3411.json": 29.202068328857422,
    "2146.json": 29.161968231201172,
    "2281.json": 29.143157958984375,
    "4156.json": 29.109386444091797,
    "1214.json": 29.029808044433594,
    "2254.json": 28.910112380981445,
    "2145.json": 28.816308975219727,
    "4012.json": 28.713911056518555,
    "2154.json": 28.711715698242188,
    "0311.json": 28.63389015197754,
    "6312.json": 28.580228805541992,
    "8211.json": 28.457908630371094,
    "3216.json": 28.426441192626953,
    "3141.json": 28.378013610839844,
    "4153.json": 28.352197647094727,
    "2148.json": 28.2034854888916,
    "2222.json": 28.17214012145996,
    "7304.json": 28.16219139099121,
    "1311.json": 28.115825653076172,
    "3214.json": 27.933982849121094,
    "6315.json": 27.873397827148438,
    "2261.json": 27.77874183654785,
    "3215.json": 27.73807144165039,
    "3121.json": 27.733253479003906,
    "2134.json": 27.723857879638672,
    "0712.json": 27.71009063720703,
    "7335.json": 27.70857048034668,
    "4212.json": 27.622406005859375,
    "1422.json": 27.608036041259766,
    "7373.json": 27.52909278869629,
    "8232.json": 27.387977600097656,
    "6231.json": 27.366422653198242,
    "2174.json": 27.340606689453125,
    "8261.json": 27.326313018798828,
    "4033.json": 27.260560989379883,
    "3236.json": 27.211246490478516,
    "2244.json": 27.176424026489258,
    "7247.json": 27.160770416259766,
    "4312.json": 27.058425903320312,
    "6341.json": 27.011980056762695,
    "6311.json": 26.99397087097168,
    "0131.json": 26.981843948364258,
    "0132.json": 26.960399627685547,
    "7243.json": 26.919349670410156,
    "9223.json": 26.81446647644043,
    "4151.json": 26.770671844482422,
    "3122.json": 26.6822452545166,
    "3237.json": 26.606176376342773,
    "1213.json": 26.59232521057129,
    "4412.json": 26.556217193603516,
    "2241.json": 26.53109359741211,
    "9243.json": 26.422042846679688,
    "2264.json": 26.38652801513672,
    "2175.json": 26.35572052001953,
    "3144.json": 26.35166358947754,
    "3217.json": 26.31608772277832,
    "4422.json": 26.268308639526367,
    "4166.json": 26.17664909362793,
    "1121.json": 26.17389678955078,
    "5242.json": 26.126720428466797,
    "3213.json": 26.110443115234375,
    "4161.json": 26.0991268157959,
    "1222.json": 26.04500961303711,
    "3131.json": 26.017698287963867,
    "0112.json": 25.925851821899414,
    "3112.json": 25.89150619506836,
    "2122.json": 25.84473419189453,
    "2115.json": 25.810338973999023,
    "1526.json": 25.80913734436035,
    "3132.json": 25.749982833862305,
    "2211.json": 25.690366744995117,
    "3219.json": 25.601640701293945,
    "0212.json": 25.596603393554688,
    "8421.json": 25.574739456176758,
    "4411.json": 25.552677154541016,
    "6511.json": 25.5075740814209,
    "7334.json": 25.40336036682129,
    "1223.json": 25.359214782714844,
    "0122.json": 25.324121475219727,
    "7272.json": 25.24964714050293,
    "2133.json": 25.202241897583008,
    "0811.json": 25.09910011291504,
    "4163.json": 25.072307586669922,
    "1111.json": 25.002389907836914,
    "0631.json": 24.99842643737793,
    "1211.json": 24.98114013671875,
    "2262.json": 24.96671485900879,
    "7204.json": 24.92375946044922,
    "1241.json": 24.88968849182129,
    "0111.json": 24.882457733154297,
    "7203.json": 24.87404441833496,
    "2255.json": 24.778217315673828,
    "8222.json": 24.689897537231445,
    "1312.json": 24.66085433959961,
    "1224.json": 24.65121841430664,
    "7251.json": 24.503366470336914,
    "0014.json": 24.40030288696289,
    "7241.json": 24.357492446899414,
    "6551.json": 24.356590270996094,
    "3012.json": 24.309444427490234,
    "7234.json": 24.309354782104492,
    "0413.json": 24.289501190185547,
    "8412.json": 24.238515853881836,
    "5113.json": 24.221744537353516,
    "6235.json": 24.211008071899414,
    "0412.json": 24.14496612548828,
    "7313.json": 24.13974380493164,
    "9221.json": 24.066316604614258,
    "8241.json": 24.05284881591797,
    "2114.json": 24.00758171081543,
    "2132.json": 23.977252960205078,
    "8422.json": 23.941097259521484,
    "2263.json": 23.93929672241211,
    "6561.json": 23.938060760498047,
    "2212.json": 23.91347312927246,
    "0423.json": 23.798423767089844,
    "7513.json": 23.733060836791992,
    "7231.json": 23.61532974243164,
    "2131.json": 23.596235275268555,
    "6313.json": 23.540851593017578,
    "3232.json": 23.518129348754883,
    "4164.json": 23.41196632385254,
    "7444.json": 23.275585174560547,
    "3234.json": 23.24941635131836,
    "7253.json": 23.19927978515625,
    "0421.json": 23.165851593017578,
    "7295.json": 23.11589813232422,
    "1112.json": 23.08279037475586,
    "1313.json": 23.06647491455078,
    "7318.json": 23.04311752319336,
    "2153.json": 22.931407928466797,
    "0432.json": 22.882200241088867,
    "6316.json": 22.803020477294922,
    "7372.json": 22.7854061126709,
    "0015.json": 22.767749786376953,
    "0714.json": 22.76038360595703,
    "4313.json": 22.72987174987793,
    "1314.json": 22.706390380859375,
    "0124.json": 22.6883487701416,
    "3413.json": 22.670061111450195,
    "4215.json": 22.66401481628418,
    "9415.json": 22.661880493164062,
    "6525.json": 22.650075912475586,
    "8616.json": 22.640411376953125,
    "1228.json": 22.632247924804688,
    "1435.json": 22.60744857788086,
    "1523.json": 22.604413986206055,
    "7293.json": 22.56106948852539,
    "9215.json": 22.5537109375,
    "1251.json": 22.489200592041016,
    "3113.json": 22.485185623168945,
    "0121.json": 22.454669952392578,
    "2123.json": 22.404142379760742,
    "7282.json": 22.39308738708496,
    "2242.json": 22.376998901367188,
    "6562.json": 22.351716995239258,
    "0414.json": 22.306371688842773,
    "2275.json": 22.28662109375,
    "3114.json": 22.247879028320312,
    "6346.json": 22.233823776245117,
    "7314.json": 22.19504165649414,
    "9523.json": 22.17413902282715,
    "7244.json": 22.16569709777832,
    "4413.json": 22.15024185180664,
    "0013.json": 22.14559555053711,
    "1212.json": 22.13933753967285,
    "3111.json": 22.086477279663086,
    "1114.json": 22.0679874420166,
    "2221.json": 21.99947166442871,
    "5211.json": 21.979679107666016,
    "2161.json": 21.92473793029785,