{
    "9222.json": 52.17018127441406,
    "2173.json": 49.64250946044922,
    "2141.json": 49.04303741455078,
    "2283.json": 47.53165817260742,
    "0211.json": 47.471614837646484,
    "2147.json": 46.81111145019531,
    "2143.json": 46.789222717285156,
    "0213.json": 45.5606575012207,
    "2282.json": 45.5124397277832,
    "6314.json": 44.95158767700195,
    "2144.json": 44.79131317138672,
    "1253.json": 44.29697036743164,
    "6312.json": 44.252586364746094,
    "0712.json": 43.818973541259766,
    "2281.json": 43.716182708740234,
    "0131.json": 43.452518463134766,
    "9223.json": 43.18228530883789,
    "2251.json": 43.15350341796875,
    "0711.json": 43.01655578613281,
    "2133.json": 42.46631622314453,
    "1226.json": 42.067359924316406,
    "7247.json": 41.92408752441406,
    "1243.json": 41.67939376831055,
    "9224.json": 41.67473602294922,
    "2171.json": 41.621337890625,
    "2142.json": 41.549705505371094,
    "1214.json": 41.27425003051758,
    "2243.json": 40.74705505371094,
    "6311.json": 40.62080764770508,
    "2175.json": 40.351078033447266,
    "0114.json": 39.96126174926758,
    "1415.json": 39.85041046142578,
    "7243.json": 39.76023864746094,
    "2234.json": 39.72836685180664,
    "0125.json": 39.695823669433594,
    "0112.json": 39.535606384277344,
    "0015.json": 39.38327407836914,
    "1311.json": 39.323883056640625,
    "2148.json": 39.1788215637207,
    "2151.json": 39.14272689819336,
    "7202.json": 38.983787536621094,
    "2134.json": 38.80265426635742,
    "1254.json": 38.71509552001953,
    "7241.json": 38.66489791870117,
    "2233.json": 38.6224479675293,
    "2172.json": 38.45970916748047,
    "2232.json": 38.44694900512695,
    "0132.json": 38.445125579833984,
    "6511.json": 38.26482009887695,
    "7203.json": 38.1408805847168,
    "7304.json": 38.03926467895508,
    "2174.json": 37.925437927246094,
    "2145.json": 37.89549255371094,
    "2152.json": 37.89418029785156,
    "2231.json": 37.889644622802734,
    "3011.json": 37.73722839355469,
    "0016.json": 37.654720306396484,
    "1432.json": 37.45866775512695,
    "1211.json": 37.39461898803711,
    "1252.json": 37.33198165893555,
    "1122.json": 37.2996940612793,
    "7244.json": 37.19318389892578,
    "7251.json": 37.18659591674805,
    "9221.json": 37.09352111816406,
    "9523.json": 36.93865203857422,
    "7204.json": 36.8913688659668,
    "2132.json": 36.886268615722656,
    "2241.json": 36.84501647949219,
    "6315.json": 36.82524490356445,
    "9235.json": 36.817020416259766,
    "8211.json": 36.80179214477539,
    "1213.json": 36.435367584228516,
    "0601.json": 36.41810989379883,
    "1241.json": 36.31588363647461,
    "0714.json": 36.25089645385742,
    "4155.json": 36.192142486572266,
    "8222.json": 36.03015899658203,
    "7245.json": 36.00499725341797,
    "1221.json": 35.938724517822266,
    "2242.json": 35.895626068115234,
    "7335.json": 35.74249267578125,
    "3143.json": 35.620304107666016,
    "0111.json": 35.479759216308594,
    "0122.json": 35.290771484375,
    "1222.json": 35.10115051269531,
    "3212.json": 35.07015609741211,
    "1223.json": 35.02486801147461,
    "9243.json": 34.972415924072266,
    "2131.json": 34.87478256225586,
    "2146.json": 34.80783462524414,
    "1523.json": 34.733924865722656,
    "7242.json": 34.70518112182617,
    "0811.json": 34.61430358886719,
    "0411.json": 34.355247497558594,
    "1526.json": 34.29517364501953,
    "0013.json": 34.245235443115234,
    "0631.json": 34.120849609375,
    "1224.json": 34.018043518066406,
    "1212.json": 33.97188186645508,
    "9241.json": 33.94783401489258,
    "1121.json": 33.80084991455078,
    "6313.json": 33.79515838623047,
    "6316.json": 33.699405670166016,
    "0124.json": 33.65475845336914,
    "4156.json": 33.54729461669922,
    "4152.json": 33.52830123901367,
    "7234.json": 33.36807632446289,
    "0911.json": 33.182281494140625,
    "8232.json": 33.10626220703125,
    "5211.json": 33.04038619995117,
    "9214.json": 32.955501556396484,
    "3233.json": 32.93998336791992,
    "4012.json": 32.90882873535156,
    "9527.json": 32.71567153930664,
    "9215.json": 32.65851593017578,
    "7318.json": 32.58340835571289,
    "2275.json": 32.56536865234375,
    "7313.json": 32.54241943359375,
    "7373.json": 32.52898025512695,
    "7305.json": 32.48338317871094,
    "1422.json": 32.48012161254883,
    "7246.json": 32.44825744628906,
    "0014.json": 32.358985900878906,
    "7372.json": 32.30833435058594,
    "2252.json": 32.21372985839844,
    "5224.json": 32.1244010925293,
    "2264.json": 32.12178039550781,
    "3411.json": 32.04477310180664,
    "2254.json": 32.03208923339844,
    "4214.json": 31.956275939941406,
    "2153.json": 31.806291580200195,
    "2244.json": 31.794464111328125,
    "0413.json": 31.751184463500977,
    "8255.json": 31.74740219116211,
    "6733.json": 31.718631744384766,
    "4166.json": 31.6762638092041,
    "7253.json": 31.57207489013672,
    "0912.json": 31.569805145263672,
    "5222.json": 31.5413818359375,
    "0212.json": 31.508943557739258,
    "4412.json": 31.408262252807617,
    "7201.json": 31.387475967407227,
    "9211.json": 31.31005859375,
    "6221.json": 31.281864166259766,
    "7295.json": 31.254316329956055,
    "9525.json": 31.21394920349121,
    "5242.json": 31.205652236938477,
    "2154.json": 31.205341339111328,
    "4212.json": 31.196666717529297,
    "7292.json": 31.15439796447754,
    "5113.json": 30.957820892333984,
    "7236.json": 30.947124481201172,
    "4312.json": 30.907726287841797,
    "9227.json": 30.900121688842773,
    "1215.json": 30.897823333740234,
    "2122.json": 30.856111526489258,
    "2211.json": 30.83550453186035,
    "0423.json": 30.712051391601562,
    "3121.json": 30.69046401977539,
    "4033.json": 30.63201332092285,
    "7272.json": 30.604001998901367,
    "7252.json": 30.561511993408203,
    "6551.json": 30.557188034057617,
    "9212.json": 30.53609848022461,
    "4165.json": 30.4958553314209,
    "7303.json": 30.43103790283203,
    "2212.json": 30.377798080444336,
    "0432.json": 30.377422332763672,
    "4167.json": 30.367605209350586,
    "0412.json": 30.287240982055664,
    "3211.json": 30.232362747192383,
    "5226.json": 30.13915252685547,
    "1524.json": 30.13819694519043,
    "7334.json": 30.09778594970703,
    "8412.json": 30.078235626220703,
    "4422.json": 30.047117233276367,
    "7333.json": 30.04488754272461,
    "0822.json": 30.023944854736328,
    "0113.json": 29.975032806396484,
    "0414.json": 29.912900924682617,
    "7312.json": 29.910526275634766,
    "2255.json": 29.817461013793945,
    "2222.json": 29.814697265625,
    "2262.json": 29.749982833862305,
    "3141.json": 29.589689254760742,
    "7235.json": 29.586265563964844,
    "8221.json": 29.56754493713379,
    "7231.json": 29.544506072998047,
    "9217.json": 29.34402084350586,
    "7321.json": 29.3376522064209,
    "6211.json": 29.320392608642578,
    "6721.json": 29.283647537231445,
    "0311.json": 29.28122901916504,
    "8432.json": 29.26376724243164,
    "0731.json": 29.21438217163086,
    "8421.json": 29.160869598388672,
    "9436.json": 29.14665985107422,
    "9524.json": 29.06493377685547,
    "9615.json": 29.048810958862305,
    "9226.json": 28.975446701049805,
    "4421.json": 28.917409896850586,
    "7314.json": 28.906919479370117,
    "0421.json": 28.86434555053711,
    "2224.json": 28.84923553466797,
    "4161.json": 28.848270416259766,
    "7442.json": 28.839818954467773,
    "3142.json": 28.837688446044922,
    "3213.json": 28.830089569091797,
    "0823.json": 28.825016021728516,
    "7332.json": 28.75575065612793,
    "6561.json": 28.750974655151367,
    "3124.json": 28.72001838684082,
    "0632.json": 28.661827087402344,
    "7361.json": 28.566059112548828,
    "4215.json": 28.543376922607422,
    "2263.json": 28.52864646911621,
    "4413.json": 28.480178833007812,
    "7451.json": 28.415769577026367,
    "2261.json": 28.414857864379883,
    "2253.json": 28.300451278686523,