{
    "2282.json": 38.82512283325195,
    "6314.json": 37.47087478637695,
    "0211.json": 35.312522888183594,
    "1415.json": 35.23756408691406,
    "1243.json": 34.49870300292969,
    "2173.json": 33.78056335449219,
    "9222.json": 33.68804168701172,
    "1311.json": 33.66615295410156,
    "2283.json": 33.61032485961914,
    "9224.json": 33.521881103515625,
    "2251.json": 33.45547866821289,
    "2141.json": 33.37411880493164,
    "2143.json": 33.3468132019043,
    "0712.json": 33.26080322265625,
    "1214.json": 33.11888122558594,
    "2151.json": 33.02223587036133,
    "6511.json": 32.93019485473633,
    "6312.json": 32.358741760253906,
    "1254.json": 32.20063018798828,
    "9223.json": 32.0411262512207,
    "0125.json": 32.017547607421875,
    "4152.json": 31.655969619750977,
    "1253.json": 31.494150161743164,
    "1432.json": 31.444599151611328,
    "1226.json": 31.392396926879883,
    "0711.json": 31.083942413330078,
    "1223.json": 31.04493522644043,
    "2144.json": 30.87782859802246,
    "4156.json": 30.792022705078125,
    "6311.json": 30.567272186279297,
    "2171.json": 30.52680206298828,
    "1122.json": 30.343385696411133,
    "3011.json": 30.247045516967773,
    "0213.json": 30.114501953125,
    "2175.json": 29.923076629638672,
    "1213.json": 29.905994415283203,
    "0122.json": 29.7994384765625,
    "7204.json": 29.576818466186523,
    "0112.json": 29.534109115600586,
    "4155.json": 29.37080192565918,
    "0114.json": 29.218286514282227,
    "3143.json": 29.078678131103516,
    "1211.json": 29.067798614501953,
    "0015.json": 28.706769943237305,
    "7304.json": 28.59430694580078,
    "1241.json": 28.586984634399414,
    "2252.json": 28.57290267944336,
    "2147.json": 28.533023834228516,
    "9221.json": 28.480670928955078,
    "1212.json": 28.453458786010742,
    "8211.json": 28.45069694519043,
    "2174.json": 28.409137725830078,
    "6551.json": 28.309720993041992,
    "7203.json": 28.252771377563477,
    "2152.json": 28.2230167388916,
    "0132.json": 28.221050262451172,
    "7247.json": 28.043771743774414,
    "1121.json": 28.03987693786621,
    "2243.json": 27.958284378051758,
    "3212.json": 27.829423904418945,
    "6315.json": 27.798112869262695,
    "1252.json": 27.79803466796875,
    "6313.json": 27.779436111450195,
    "3121.json": 27.77606773376465,
    "2142.json": 27.71253204345703,
    "6561.json": 27.631916046142578,
    "2234.json": 27.5711727142334,
    "2172.json": 27.50633430480957,
    "4412.json": 27.458444595336914,
    "3233.json": 27.454444885253906,
    "5242.json": 27.424774169921875,
    "2281.json": 27.360050201416016,
    "0631.json": 27.349300384521484,
    "2232.json": 27.307077407836914,
    "2148.json": 27.290834426879883,
    "2233.json": 27.289594650268555,
    "3411.json": 27.270336151123047,
    "1222.json": 27.186620712280273,
    "0111.json": 27.147871017456055,
    "1315.json": 27.009876251220703,
    "6316.json": 26.698862075805664,
    "2134.json": 26.613988876342773,
    "5211.json": 26.55167579650879,
    "7202.json": 26.550251007080078,
    "0131.json": 26.54523277282715,
    "7241.json": 26.48346710205078,
    "0601.json": 26.43555450439453,
    "1523.json": 26.431407928466797,
    "4212.json": 26.39699363708496,
    "4312.json": 26.350772857666016,
    "4012.json": 26.29265594482422,
    "4214.json": 26.1925048828125,
    "1224.json": 26.170745849609375,
    "7243.json": 26.14278221130371,
    "2231.json": 26.133882522583008,
    "7251.json": 26.12807846069336,
    "4165.json": 26.065582275390625,
    "7335.json": 26.014110565185547,
    "1221.json": 25.940746307373047,
    "2146.json": 25.915679931640625,
    "4033.json": 25.88211441040039,
    "0016.json": 25.786657333374023,
    "0013.json": 25.70136833190918,
    "2133.json": 25.65618896484375,
    "9235.json": 25.611047744750977,
    "6721.json": 25.59153938293457,
    "9214.json": 25.504613876342773,
    "8222.json": 25.441682815551758,
    "0212.json": 25.335811614990234,
    "6552.json": 25.28382110595703,
    "6513.json": 25.231143951416016,
    "1524.json": 25.187801361083984,
    "6211.json": 25.156038284301758,
    "2132.json": 25.099029541015625,
    "2145.json": 25.090381622314453,
    "4167.json": 24.986282348632812,
    "1526.json": 24.98251724243164,
    "7303.json": 24.962139129638672,
    "1112.json": 24.956785202026367,
    "3213.json": 24.948974609375,
    "0714.json": 24.879819869995117,
    "9215.json": 24.860536575317383,
    "3124.json": 24.812484741210938,
    "1114.json": 24.784170150756836,
    "7313.json": 24.73632049560547,
    "8255.json": 24.718027114868164,
    "0113.json": 24.60618782043457,
    "9243.json": 24.49700927734375,
    "0014.json": 24.486021041870117,
    "1411.json": 24.468547821044922,
    "7253.json": 24.425397872924805,
    "6231.json": 24.355016708374023,
    "0811.json": 24.299911499023438,
    "6525.json": 24.292652130126953,
    "6522.json": 24.283233642578125,
    "9227.json": 24.26560401916504,
    "3141.json": 24.245990753173828,
    "1416.json": 24.217220306396484,
    "7242.json": 24.209365844726562,
    "6235.json": 24.17149543762207,
    "4411.json": 24.16698455810547,
    "6341.json": 24.095077514648438,
    "6512.json": 24.078292846679688,
    "4153.json": 23.96357536315918,
    "7234.json": 23.94460678100586,
    "0432.json": 23.944557189941406,
    "7201.json": 23.929065704345703,
    "7318.json": 23.915851593017578,
    "1422.json": 23.870840072631836,
    "2264.json": 23.85025978088379,
    "7272.json": 23.832067489624023,
    "4215.json": 23.77170181274414,
    "1414.json": 23.72692108154297,
    "7305.json": 23.72380828857422,
    "0124.json": 23.714902877807617,
    "9436.json": 23.694568634033203,
    "4413.json": 23.687410354614258,
    "2253.json": 23.685823440551758,
    "6346.json": 23.67790412902832,
    "7244.json": 23.675939559936523,
    "2241.json": 23.65747833251953,
    "6733.json": 23.55246353149414,
    "4166.json": 23.404085159301758,
    "1215.json": 23.359004974365234,
    "3142.json": 23.351543426513672,
    "0411.json": 23.330440521240234,
    "7292.json": 23.319091796875,
    "0423.json": 23.301437377929688,
    "7373.json": 23.30129051208496,
    "6221.json": 23.249916076660156,
    "3214.json": 23.248186111450195,
    "2122.json": 23.228649139404297,
    "5222.json": 23.178586959838867,
    "7314.json": 23.138147354125977,
    "7332.json": 23.13252067565918,
    "0121.json": 23.11803436279297,
    "4422.json": 23.11658477783203,
    "2242.json": 23.055973052978516,
    "7334.json": 23.03495979309082,
    "1242.json": 23.025678634643555,
    "1435.json": 23.0218505859375,
    "7513.json": 23.020172119140625,
    "7236.json": 22.99452018737793,
    "2244.json": 22.9687557220459,
    "2275.json": 22.95721435546875,
    "4161.json": 22.95309829711914,
    "5113.json": 22.903993606567383,
    "4163.json": 22.876379013061523,
    "0911.json": 22.84478187561035,
    "2131.json": 22.830854415893555,
    "2262.json": 22.8017578125,
    "7245.json": 22.792095184326172,
    "7231.json": 22.75447654724121,
    "1123.json": 22.748640060424805,
    "1111.json": 22.700740814208984,
    "4421.json": 22.679800033569336,
    "3132.json": 22.651546478271484,
    "9226.json": 22.651073455810547,
    "9217.json": 22.6107177734375,
    "3112.json": 22.584997177124023,
    "0632.json": 22.577417373657227,
    "0414.json": 22.557029724121094,
    "9211.json": 22.512130737304688,
    "3122.json": 22.4695987701416,
    "2154.json": 22.38796043395996,
    "6345.json": 22.34592056274414,
    "5226.json": 22.3033504486084,
    "8232.json": 22.286165237426758,
    "6321.json": 22.269725799560547,
    "8432.json": 22.269453048706055,
    "1452.json": 22.26173973083496,
    "6521.json": 22.23088264465332,
    "1434.json": 22.22469139099121,
    "5241.json": 22.224218368530273,
    "0413.json": 22.221988677978516,
    "2254.json": 22.18514633178711,
    "2211.json": 22.181673049926758,
    "9615.json": 22.179710388183594,
    "6343.json": 22.155502319335938,